Workbook

Sheet Leeme
A1: Detección de robots y cálculo de v y ω — hoja de cálculo explicativa
A2: Ensayo 20262409_1600_22QR_60 · robot 3 · cuadro 6034 (t = 2011,33 s real). Todo se calcula con fórmulas a partir de los píxeles del video.
B4: Qué es | C4: Reproduce, con fórmulas de Excel, lo que hace VidFetch para (1) encontrar los círculos de los robots en un cuadro, (2) calcular el vector velocidad y (3) calcular el giro θ y la velocidad angular ω. Nada más.
B5: Recorrido | C5: Imagen gris → reducción ×0,511 → filtro de anillo R(x,y) → mancha de R (trackpy) → validación por cobertura del anillo oscuro → centro (x, y) en cada cuadro → Savitzky–Golay → v = (vx, vy), |v|, φ. En paralelo: firma polar alrededor del centro → correlación entre cuadros → Δθ → θ acumulado → Savitzky–Golay → ω.
B7: Hojas
B8: Parametros | C8: Constantes de la sesión (radios, escala, umbrales, diámetro real, cuadros por segundo). Celdas azules = datos; el resto se deriva.
B9: Img_analisis | C9: Recorte de la imagen gris ya reducida ×0,511 (píxeles de análisis). Cada celda es un píxel (0 = negro, 255 = blanco).
B10: Filtro_anillo | C10: Las dos máscaras (disco claro y anillo oscuro) y el cálculo de R en UN centro editable: μ_disco, μ_anillo, compuerta y R.
B11: Mapa_R | C11: El mismo cálculo de R para cada píxel de una zona (robot 3 y un hueco entre robots) y el centro de la mancha, refinado como hace trackpy.
B12: Img_completa | C12: Recorte a resolución completa del cuadro 6034 (para la cobertura y la firma polar).
B13: Cobertura | C13: 360 rayos desde el centro; un rayo cuenta si su píxel más oscuro dentro del anillo es < 68. Robot real ≈ 0,86; hueco ≈ 0,67 (rechazado, umbral 0,82).
B14: Img_6035 | C14: Recorte del cuadro siguiente (6035), para medir el giro entre los dos cuadros.
B15: Firma_6034 / Firma_6035 | C15: Muestreo polar 128 ángulos × radios, perfil angular por banda (batería y anillo de la placa) y sus 12 primeros armónicos de Fourier.
B16: Giro | C16: Correlación circular c(Δ) entre las dos firmas, ángulo Δ* del máximo, calidad q y conversión a sentido real (video espejado).
B17: Velocidad | C17: Trayectoria del robot 3 (95 cuadros), derivada Savitzky–Golay de 5 puntos → vx, vy, |v|, φ; comparada con la app y con diferencias finitas.
B18: Rotacion | C18: θ acumulado (de la app) y ω por la misma fórmula de Savitzky–Golay; comparación con la app.
B20: Colores | C20: Texto azul sobre amarillo = dato o celda editable. Verde = resultado principal. Grises = imagen (escala 0–255).
... B23: Fuente | C23: software/vidfetch/core/detection.py (robot_response, ring_coverage, locate), rotation.py (signatures, rel_angle, solve_angles), kinematics.py (_derivative). Explicación con figuras: documento «Detección de robots y cálculo de velocidad y velocidad angular».

Sheet Parametros
A1: Parámetros de la sesión
A2: Valores guardados en VA_20262409_1600_22QR_60_analisis.npz. Azul = dato; negro = derivado.
A3: Nombre | B3: Valor | C3: Unidad | D3: Qué es
A4: r_int | B4: 35.2 | C4: px | D4: Radio del disco claro (placa del robot), resolución completa
A5: r_ext | B5: 47 | C5: px | D5: Radio exterior del anillo oscuro (borde del robot)
A6: escala | B6: 0.511 | C6: — | D6: Factor de reducción para el análisis (más rápido; el robot queda con radio ≈ 24 px)
A7: r_int_a | B7: =r_int*escala -> 17.9872 | C7: px | D7: r_int en píxeles de análisis
A8: r_ext_a | B8: =r_ext*escala -> 24.017 | C8: px | D8: r_ext en píxeles de análisis; la máscara es de 2·⌈r_ext_a⌉+1 = 51 px de lado
A9: Gmax | B9: 106 | C9: nivel | D9: Compuerta: si el anillo es más claro que esto, R se anula (evita falsos positivos en zonas claras)
A10: oscuro | B10: 68 | C10: nivel | D10: Un píxel del anillo cuenta como oscuro si su gris es menor que esto
A11: cob_min | B11: 0.82 | C11: — | D11: Fracción mínima de rayos con anillo oscuro para aceptar un candidato
A12: margen | B12: =MAX(0.5,0.17*(r_ext-r_int)) -> 2.006 | C12: px | D12: Margen para no tocar los bordes del anillo
A13: r0_cob | B13: =r_int+margen -> 37.206 | C13: px | D13: Radio interior de la banda de cobertura
A14: r1_cob | B14: =MAX(r0_cob+1,r_ext-margen) -> 44.994 | C14: px | D14: Radio exterior de la banda de cobertura
A15: r0_i | B15: =INT(r0_cob) -> 37 | C15: px | D15: Primer radio entero muestreado (piso de r0)
A16: r1_i | B16: =ROUNDUP(r1_cob,0) -> 45 | C16: px | D16: Techo de r1; se muestrean los radios r0_i … r1_i − 1
A17: diam_tp | B17: =ROUND(1.4*r_int*escala,0)+1-MOD(ROUND(1.4*r_int*escala,0),2) -> 25 | C17: px | D17: Diámetro de trackpy en el mapa R: 1,4·r_int·escala redondeado al impar (OR binario con 1)
A18: rad_tp | B18: =INT(diam_tp/2) -> 12 | C18: px | D18: Radio de la máscara de trackpy para el centroide
A19: D_mm | B19: 35 | C19: mm | D19: Diámetro real del robot (calibración espacial)
A20: s_mm | B20: =D_mm/(2*r_ext) -> 0.37234043 | C20: mm/px | D20: Escala espacial: s = D / (2·r_ext)
A21: f_r | B21: 3 | C21: cuadros/s | D21: Cuadros por segundo REAL del time-lapse (3 cuadros = 1 s)
A22: dt | B22: =1/f_r -> 0.33333333 | C22: s | D22: Paso temporal entre cuadros, Δt = 1/f_r
A23: w_sg | B23: 5 | C23: cuadros | D23: Ventana Savitzky–Golay (orden 2). Las fórmulas de las hojas están escritas para w = 5
A24: n_ang | B24: 128 | C24: — | D24: Ángulos de la firma polar (2,81° por muestra)
A25: K_arm | B25: 12 | C25: — | D25: Armónicos de Fourier que se guardan por banda
A26: b1_c0 | B26: =INT(0.15*r_ext) -> 7 | C26: px | D26: Banda 1 (batería, chapa, puntos): radios b1_c0 … b1_c1 − 1
A27: b1_c1 | B27: =INT(0.7*r_ext) -> 32 | C27: px
A28: b2_c0 | B28: =INT(0.75*r_ext) -> 35 | C28: px | D28: Banda 2 (anillo de la placa: separadores, componentes): radios b2_c0 … b2_c1 − 1
A29: b2_c1 | B29: =INT(0.95*r_ext) -> 44 | C29: px

Sheet Img_analisis
A1: Imagen gris reducida ×0,511 (cv2.resize, INTER_AREA) — cuadro 6034, zona del robot 3 y su vecino
A2: x0 | B2: 141 | D2: y0 | E2: 45 | G2: Fila 3 = x (px), columna B = y (px). Valor = nivel de gris 0–255.
C3: 141 | D3: 142 | E3: 143 | F3: 144 | G3: 145 | H3: 146 | I3: 147 | J3: 148 | K3: 149 | L3: 150 | M3: 151 | N3: 152 | O3: 153 | P3: 154 | Q3: 155 | R3: 156 | S3: 157 | T3: 158 | U3: 159 | V3: 160 | W3: 161 | X3: 162 | Y3: 163 | Z3: 164 | AA3: 165 | AB3: 166 | AC3: 167 | AD3: 168 | AE3: 169 | AF3: 170 | AG3: 171 | AH3: 172 | AI3: 173 | AJ3: 174 | AK3: 175 | AL3: 176 | AM3: 177 | AN3: 178 | AO3: 179 | AP3: 180 | AQ3: 181 | AR3: 182 | AS3: 183 | AT3: 184 | AU3: 185 | AV3: 186 | AW3: 187 | AX3: 188 | AY3: 189 | AZ3: 190 | BA3: 191 | BB3: 192 | BC3: 193 | BD3: 194 | BE3: 195 | BF3: 196 | BG3: 197 | BH3: 198 | BI3: 199 | BJ3: 200 | BK3: 201 | BL3: 202 | BM3: 203 | BN3: 204 | BO3: 205 | BP3: 206 | BQ3: 207 | BR3: 208 | BS3: 209 | BT3: 210 | BU3: 211 | BV3: 212 | BW3: 213 | BX3: 214 | BY3: 215 | BZ3: 216 | CA3: 217 | CB3: 218 | CC3: 219 | CD3: 220 | CE3: 221 | CF3: 222 | CG3: 223 | CH3: 224 | CI3: 225 | CJ3: 226 | CK3: 227 | CL3: 228 | CM3: 229 | CN3: 230 | CO3: 231 | CP3: 232 | CQ3: 233 | CR3: 234 | CS3: 235 | CT3: 236 | CU3: 237 | CV3: 238 | CW3: 239 | CX3: 240 | CY3: 241 | CZ3: 242 | DA3: 243 | DB3: 244 | DC3: 245 | DD3: 246 | DE3: 247 | DF3: 248 | DG3: 249 | DH3: 250 | DI3: 251 | DJ3: 252 | DK3: 253 | DL3: 254
B4: 45 | C4: 100 | D4: 39 | E4: 7 | F4: 26 | G4: 43 | H4: 21 | I4: 12 | J4: 42 | K4: 40 | L4: 82 | M4: 68 | N4: 111 | O4: 174 | P4: 146 | Q4: 182 | R4: 204 | S4: 202 | T4: 192 | U4: 189 | V4: 204 | W4: 199 | X4: 212 | Y4: 191 | Z4: 209 | AA4: 188 | AB4: 198 | AC4: 212 | AD4: 213 | AE4: 218 | AF4: 209 | AG4: 217 | AH4: 197 | AI4: 238 | AJ4: 174 | AK4: 86 | AL4: 122 | AM4: 43 | AN4: 22 | AO4: 33 | AP4: 20 | AQ4: 17 | AR4: 32 | AS4: 40 | AT4: 67 | AU4: 212 | AV4: 240 | AW4: 225 | AX4: 78 | AY4: 46 | AZ4: 124 | BA4: 221 | BB4: 229 | BC4: 229 | BD4: 131 | BE4: 47 | BF4: 49 | BG4: 16 | BH4: 96 | BI4: 154 | BJ4: 128 | BK4: 177 | BL4: 233 | BM4: 230 | BN4: 207 | BO4: 182 | BP4: 170 | BQ4: 156 | BR4: 165 | BS4: 133 | BT4: 94 | BU4: 152 | BV4: 143 | BW4: 77 | BX4: 56 | BY4: 59 | BZ4: 94 | CA4: 102 | CB4: 94 | CC4: 193 | CD4: 204 | CE4: 244 | CF4: 254 | CG4: 253 | CH4: 251 | CI4: 251 | CJ4: 249 | CK4: 247 | CL4: 245 | CM4: 243 | CN4: 238 | CO4: 231 | CP4: 238 | CQ4: 188 | CR4: 125 | CS4: 137 | CT4: 69 | CU4: 34 | CV4: 42 | CW4: 34 | CX4: 47 | CY4: 90 | CZ4: 87 | DA4: 85 | DB4: 85 | DC4: 88 | DD4: 78 | DE4: 62 | DF4: 34 | DG4: 33 | DH4: 69 | DI4: 65 | DJ4: 55 | DK4: 49 | DL4: 49
B5: 46 | C5: 77 | D5: 67 | E5: 13 | F5: 18 | G5: 39 | H5: 38 | I5: 16 | J5: 11 | K5: 25 | L5: 30 | M5: 80 | N5: 76 | O5: 93 | P5: 168 | Q5: 136 | R5: 133 | S5: 176 | T5: 193 | U5: 197 | V5: 197 | W5: 186 | X5: 201 | Y5: 203 | Z5: 201 | AA5: 197 | AB5: 189 | AC5: 204 | AD5: 176 | AE5: 196 | AF5: 174 | AG5: 171 | AH5: 226 | AI5: 142 | AJ5: 86 | AK5: 112 | AL5: 50 | AM5: 19 | AN5: 29 | AO5: 33 | AP5: 25 | AQ5: 36 | AR5: 30 | AS5: 37 | AT5: 36 | AU5: 151 | AV5: 198 | AW5: 140 | AX5: 57 | AY5: 47 | AZ5: 85 | BA5: 124 | BB5: 106 | BC5: 102 | BD5: 78 | BE5: 45 | BF5: 46 | BG5: 14 | BH5: 94 | BI5: 156 | BJ5: 130 | BK5: 176 | BL5: 232 | BM5: 228 | BN5: 213 | BO5: 181 | BP5: 163 | BQ5: 171 | BR5: 180 | BS5: 226 | BT5: 222 | BU5: 141 | BV5: 131 | BW5: 56 | BX5: 55 | BY5: 56 | BZ5: 77 | CA5: 82 | CB5: 90 | CC5: 89 | CD5: 55 | CE5: 114 | CF5: 237 | CG5: 252 | CH5: 252 | CI5: 250 | CJ5: 250 | CK5: 247 | CL5: 249 | CM5: 246 | CN5: 244 | CO5: 233 | CP5: 231 | CQ5: 205 | CR5: 122 | CS5: 134 | CT5: 72 | CU5: 34 | CV5: 41 | CW5: 40 | CX5: 54 | CY5: 90 | CZ5: 87 | DA5: 87 | DB5: 87 | DC5: 87 | DD5: 86 | DE5: 77 | DF5: 57 | DG5: 45 | DH5: 34 | DI5: 55 | DJ5: 57 | DK5: 51 | DL5: 52
B6: 47 | C6: 99 | D6: 100 | E6: 42 | F6: 13 | G6: 23 | H6: 37 | I6: 35 | J6: 17 | K6: 9 | L6: 12 | M6: 26 | N6: 71 | O6: 98 | P6: 65 | Q6: 123 | R6: 165 | S6: 136 | T6: 133 | U6: 174 | V6: 183 | W6: 165 | X6: 183 | Y6: 211 | Z6: 217 | AA6: 203 | AB6: 193 | AC6: 197 | AD6: 164 | AE6: 175 | AF6: 221 | AG6: 182 | AH6: 97 | AI6: 96 | AJ6: 100 | AK6: 41 | AL6: 16 | AM6: 35 | AN6: 48 | AO6: 21 | AP6: 24 | AQ6: 29 | AR6: 23 | AS6: 28 | AT6: 38 | AU6: 34 | AV6: 65 | AW6: 40 | AX6: 42 | AY6: 42 | AZ6: 76 | BA6: 201 | BB6: 195 | BC6: 201 | BD6: 122 | BE6: 48 | BF6: 46 | BG6: 14 | BH6: 82 | BI6: 155 | BJ6: 133 | BK6: 156 | BL6: 226 | BM6: 227 | BN6: 206 | BO6: 179 | BP6: 170 | BQ6: 161 | BR6: 118 | BS6: 123 | BT6: 191 | BU6: 150 | BV6: 126 | BW6: 73 | BX6: 53 | BY6: 47 | BZ6: 60 | CA6: 72 | CB6: 57 | CC6: 38 | CD6: 33 | CE6: 72 | CF6: 136 | CG6: 227 | CH6: 254 | CI6: 250 | CJ6: 248 | CK6: 247 | CL6: 248 | CM6: 248 | CN6: 239 | CO6: 227 | CP6: 241 | CQ6: 181 | CR6: 122 | CS6: 137 | CT6: 65 | CU6: 39 | CV6: 39 | CW6: 30 | CX6: 43 | CY6: 92 | CZ6: 87 | DA6: 86 | DB6: 86 | DC6: 85 | DD6: 87 | DE6: 84 | DF6: 79 | DG6: 67 | DH6: 55 | DI6: 29 | DJ6: 43 | DK6: 57 | DL6: 52
B7: 48 | C7: 81 | D7: 94 | E7: 75 | F7: 26 | G7: 12 | H7: 29 | I7: 37 | J7: 34 | K7: 15 | L7: 5 | M7: 10 | N7: 22 | O7: 55 | P7: 100 | Q7: 94 | R7: 78 | S7: 127 | T7: 175 | U7: 159 | V7: 146 | W7: 152 | X7: 161 | Y7: 154 | Z7: 153 | AA7: 148 | AB7: 162 | AC7: 189 | AD7: 199 | AE7: 160 | AF7: 97 | AG7: 89 | AH7: 108 | AI7: 67 | AJ7: 32 | AK7: 12 | AL7: 31 | AM7: 51 | AN7: 30 | AO7: 121 | AP7: 95 | AQ7: 35 | AR7: 21 | AS7: 20 | AT7: 27 | AU7: 42 | AV7: 52 | AW7: 46 | AX7: 46 | AY7: 39 | AZ7: 41 | BA7: 112 | BB7: 106 | BC7: 108 | BD7: 61 | BE7: 47 | BF7: 51 | BG7: 15 | BH7: 62 | BI7: 154 | BJ7: 136 | BK7: 149 | BL7: 232 | BM7: 228 | BN7: 212 | BO7: 183 | BP7: 179 | BQ7: 172 | BR7: 116 | BS7: 117 | BT7: 131 | BU7: 141 | BV7: 145 | BW7: 129 | BX7: 123 | BY7: 141 | BZ7: 168 | CA7: 145 | CB7: 66 | CC7: 26 | CD7: 77 | CE7: 126 | CF7: 110 | CG7: 96 | CH7: 174 | CI7: 244 | CJ7: 250 | CK7: 244 | CL7: 242 | CM7: 244 | CN7: 238 | CO7: 237 | CP7: 235 | CQ7: 193 | CR7: 128 | CS7: 131 | CT7: 54 | CU7: 42 | CV7: 36 | CW7: 54 | CX7: 52 | CY7: 95 | CZ7: 90 | DA7: 88 | DB7: 85 | DC7: 85 | DD7: 89 | DE7: 90 | DF7: 84 | DG7: 79 | DH7: 70 | DI7: 57 | DJ7: 29 | DK7: 36 | DL7: 52
B8: 49 | C8: 80 | D8: 73 | E8: 54 | F8: 18 | G8: 14 | H8: 13 | I8: 18 | J8: 31 | K8: 35 | L8: 24 | M8: 9 | N8: 15 | O8: 17 | P8: 36 | Q8: 66 | R8: 106 | S8: 95 | T8: 71 | U8: 77 | V8: 105 | W8: 116 | X8: 143 | Y8: 149 | Z8: 151 | AA8: 134 | AB8: 121 | AC8: 102 | AD8: 92 | AE8: 98 | AF8: 103 | AG8: 79 | AH8: 42 | AI8: 21 | AJ8: 29 | AK8: 25 | AL8: 19 | AM8: 36 | AN8: 100 | AO8: 226 | AP8: 183 | AQ8: 66 | AR8: 22 | AS8: 22 | AT8: 21 | AU8: 33 | AV8: 40 | AW8: 34 | AX8: 30 | AY8: 22 | AZ8: 34 | BA8: 100 | BB8: 92 | BC8: 82 | BD8: 48 | BE8: 46 | BF8: 46 | BG8: 24 | BH8: 36 | BI8: 143 | BJ8: 140 | BK8: 140 | BL8: 230 | BM8: 236 | BN8: 202 | BO8: 194 | BP8: 184 | BQ8: 173 | BR8: 106 | BS8: 118 | BT8: 136 | BU8: 127 | BV8: 144 | BW8: 134 | BX8: 125 | BY8: 138 | BZ8: 145 | CA8: 198 | CB8: 121 | CC8: 69 | CD8: 132 | CE8: 126 | CF8: 106 | CG8: 73 | CH8: 65 | CI8: 131 | CJ8: 234 | CK8: 245 | CL8: 246 | CM8: 247 | CN8: 239 | CO8: 232 | CP8: 241 | CQ8: 127 | CR8: 134 | CS8: 132 | CT8: 36 | CU8: 42 | CV8: 67 | CW8: 139 | CX8: 71 | CY8: 94 | CZ8: 94 | DA8: 91 | DB8: 88 | DC8: 87 | DD8: 89 | DE8: 93 | DF8: 88 | DG8: 88 | DH8: 82 | DI8: 70 | DJ8: 54 | DK8: 32 | DL8: 34
B9: 50 | C9: 121 | D9: 50 | E9: 35 | F9: 21 | G9: 16 | H9: 16 | I9: 15 | J9: 13 | K9: 31 | L9: 34 | M9: 15 | N9: 7 | O9: 7 | P9: 8 | Q9: 14 | R9: 33 | S9: 55 | T9: 77 | U9: 114 | V9: 96 | W9: 97 | X9: 104 | Y9: 109 | Z9: 112 | AA9: 108 | AB9: 93 | AC9: 109 | AD9: 94 | AE9: 59 | AF9: 33 | AG9: 15 | AH9: 21 | AI9: 54 | AJ9: 35 | AK9: 22 | AL9: 40 | AM9: 179 | AN9: 143 | AO9: 134 | AP9: 232 | AQ9: 152 | AR9: 19 | AS9: 24 | AT9: 39 | AU9: 24 | AV9: 20 | AW9: 21 | AX9: 21 | AY9: 17 | AZ9: 29 | BA9: 65 | BB9: 59 | BC9: 46 | BD9: 29 | BE9: 38 | BF9: 41 | BG9: 32 | BH9: 21 | BI9: 126 | BJ9: 146 | BK9: 130 | BL9: 198 | BM9: 230 | BN9: 216 | BO9: 203 | BP9: 194 | BQ9: 169 | BR9: 106 | BS9: 132 | BT9: 142 | BU9: 124 | BV9: 130 | BW9: 131 | BX9: 142 | BY9: 123 | BZ9: 107 | CA9: 83 | CB9: 43 | CC9: 96 | CD9: 130 | CE9: 109 | CF9: 91 | CG9: 61 | CH9: 66 | CI9: 46 | CJ9: 171 | CK9: 251 | CL9: 246 | CM9: 243 | CN9: 238 | CO9: 245 | CP9: 225 | CQ9: 120 | CR9: 136 | CS9: 111 | CT9: 31 | CU9: 39 | CV9: 66 | CW9: 111 | CX9: 47 | CY9: 103 | CZ9: 96 | DA9: 91 | DB9: 90 | DC9: 88 | DD9: 88 | DE9: 89 | DF9: 87 | DG9: 88 | DH9: 87 | DI9: 79 | DJ9: 69 | DK9: 60 | DL9: 33
B10: 51 | C10: 93 | D10: 42 | E10: 36 | F10: 24 | G10: 16 | H10: 15 | I10: 13 | J10: 8 | K10: 13 | L10: 31 | M10: 32 | N10: 23 | O10: 24 | P10: 29 | Q10: 21 | R10: 5 | S10: 4 | T10: 12 | U10: 26 | V10: 38 | W10: 51 | X10: 61 | Y10: 64 | Z10: 58 | AA10: 52 | AB10: 38 | AC10: 29 | AD10: 14 | AE10: 7 | AF10: 19 | AG10: 36 | AH10: 59 | AI10: 49 | AJ10: 24 | AK10: 30 | AL10: 55 | AM10: 168 | AN10: 217 | AO10: 135 | AP10: 137 | AQ10: 65 | AR10: 31 | AS10: 112 | AT10: 53 | AU10: 14 | AV10: 19 | AW10: 18 | AX10: 16 | AY10: 13 | AZ10: 24 | BA10: 30 | BB10: 37 | BC10: 33 | BD10: 29 | BE10: 35 | BF10: 33 | BG10: 39 | BH10: 16 | BI10: 94 | BJ10: 149 | BK10: 130 | BL10: 163 | BM10: 225 | BN10: 220 | BO10: 212 | BP10: 218 | BQ10: 160 | BR10: 103 | BS10: 137 | BT10: 142 | BU10: 119 | BV10: 136 | BW10: 132 | BX10: 149 | BY10: 136 | BZ10: 140 | CA10: 122 | CB10: 78 | CC10: 95 | CD10: 109 | CE10: 101 | CF10: 78 | CG10: 66 | CH10: 58 | CI10: 105 | CJ10: 237 | CK10: 250 | CL10: 245 | CM10: 241 | CN10: 241 | CO10: 234 | CP10: 201 | CQ10: 122 | CR10: 135 | CS10: 85 | CT10: 36 | CU10: 34 | CV10: 74 | CW10: 97 | CX10: 49 | CY10: 114 | CZ10: 102 | DA10: 95 | DB10: 90 | DC10: 90 | DD10: 89 | DE10: 88 | DF10: 86 | DG10: 86 | DH10: 87 | DI10: 85 | DJ10: 77 | DK10: 69 | DL10: 59
B11: 52 | C11: 61 | D11: 43 | E11: 33 | F11: 20 | G11: 20 | H11: 30 | I11: 39 | J11: 18 | K11: 4 | L11: 11 | M11: 22 | N11: 21 | O11: 18 | P11: 40 | Q11: 52 | R11: 47 | S11: 34 | T11: 23 | U11: 13 | V11: 9 | W11: 5 | X11: 6 | Y11: 5 | Z11: 6 | AA11: 11 | AB11: 14 | AC11: 22 | AD11: 36 | AE11: 49 | AF11: 60 | AG11: 61 | AH11: 39 | AI11: 14 | AJ11: 20 | AK11: 41 | AL11: 51 | AM11: 64 | AN11: 174 | AO11: 157 | AP11: 36 | AQ11: 12 | AR11: 38 | AS11: 52 | AT11: 14 | AU11: 16 | AV11: 18 | AW11: 17 | AX11: 15 | AY11: 11 | AZ11: 24 | BA11: 10 | BB11: 11 | BC11: 13 | BD11: 25 | BE11: 34 | BF11: 25 | BG11: 40 | BH11: 22 | BI11: 47 | BJ11: 149 | BK11: 137 | BL11: 141 | BM11: 219 | BN11: 228 | BO11: 220 | BP11: 232 | BQ11: 132 | BR11: 113 | BS11: 163 | BT11: 175 | BU11: 161 | BV11: 160 | BW11: 160 | BX11: 151 | BY11: 138 | BZ11: 142 | CA11: 193 | CB11: 156 | CC11: 104 | CD11: 96 | CE11: 94 | CF11: 70 | CG11: 61 | CH11: 80 | CI11: 216 | CJ11: 252 | CK11: 247 | CL11: 246 | CM11: 235 | CN11: 241 | CO11: 243 | CP11: 136 | CQ11: 131 | CR11: 126 | CS11: 51 | CT11: 42 | CU11: 43 | CV11: 77 | CW11: 89 | CX11: 55 | CY11: 121 | CZ11: 105 | DA11: 104 | DB11: 97 | DC11: 93 | DD11: 91 | DE11: 88 | DF11: 87 | DG11: 84 | DH11: 84 | DI11: 86 | DJ11: 81 | DK11: 74 | DL11: 67
B12: 53 | C12: 64 | D12: 63 | E12: 39 | F12: 27 | G12: 38 | H12: 90 | I12: 174 | J12: 124 | K12: 12 | L12: 10 | M12: 12 | N12: 15 | O12: 13 | P12: 29 | Q12: 34 | R12: 40 | S12: 46 | T12: 52 | U12: 52 | V12: 51 | W12: 48 | X12: 46 | Y12: 43 | Z12: 48 | AA12: 58 | AB12: 56 | AC12: 62 | AD12: 54 | AE12: 47 | AF12: 31 | AG12: 19 | AH12: 6 | AI12: 18 | AJ12: 32 | AK12: 33 | AL12: 43 | AM12: 45 | AN12: 59 | AO12: 44 | AP12: 30 | AQ12: 18 | AR12: 27 | AS12: 20 | AT12: 20 | AU12: 21 | AV12: 17 | AW12: 15 | AX12: 16 | AY12: 14 | AZ12: 16 | BA12: 5 | BB12: 7 | BC12: 15 | BD12: 28 | BE12: 25 | BF12: 17 | BG12: 35 | BH12: 36 | BI12: 21 | BJ12: 125 | BK12: 150 | BL12: 128 | BM12: 172 | BN12: 230 | BO12: 220 | BP12: 229 | BQ12: 112 | BR12: 114 | BS12: 78 | BT12: 103 | BU12: 121 | BV12: 165 | BW12: 208 | BX12: 163 | BY12: 148 | BZ12: 138 | CA12: 233 | CB12: 236 | CC12: 180 | CD12: 124 | CE12: 90 | CF12: 68 | CG12: 72 | CH12: 185 | CI12: 252 | CJ12: 253 | CK12: 248 | CL12: 243 | CM12: 243 | CN12: 250 | CO12: 189 | CP12: 119 | CQ12: 136 | CR12: 102 | CS12: 38 | CT12: 54 | CU12: 80 | CV12: 110 | CW12: 97 | CX12: 103 | CY12: 149 | CZ12: 131 | DA12: 114 | DB12: 101 | DC12: 90 | DD12: 92 | DE12: 90 | DF12: 90 | DG12: 87 | DH12: 83 | DI12: 83 | DJ12: 84 | DK12: 82 | DL12: 74
B13: 54 | C13: 61 | D13: 58 | E13: 58 | F13: 30 | G13: 87 | H13: 191 | I13: 211 | J13: 183 | K13: 92 | L13: 11 | M13: 14 | N13: 14 | O13: 15 | P13: 34 | Q13: 44 | R13: 44 | S13: 35 | T13: 36 | U13: 31 | V13: 31 | W13: 32 | X13: 35 | Y13: 34 | Z13: 33 | AA13: 32 | AB13: 30 | AC13: 27 | AD13: 23 | AE13: 10 | AF13: 11 | AG13: 8 | AH13: 11 | AI13: 23 | AJ13: 26 | AK13: 21 | AL13: 33 | AM13: 42 | AN13: 28 | AO13: 26 | AP13: 28 | AQ13: 19 | AR13: 25 | AS13: 27 | AT13: 23 | AU13: 20 | AV13: 17 | AW13: 14 | AX13: 17 | AY13: 12 | AZ13: 23 | BA13: 30 | BB13: 19 | BC13: 26 | BD13: 19 | BE13: 19 | BF13: 10 | BG13: 29 | BH13: 49 | BI13: 19 | BJ13: 69 | BK13: 151 | BL13: 140 | BM13: 136 | BN13: 208 | BO13: 234 | BP13: 217 | BQ13: 107 | BR13: 100 | BS13: 47 | BT13: 58 | BU13: 53 | BV13: 48 | BW13: 111 | BX13: 156 | BY13: 145 | BZ13: 148 | CA13: 244 | CB13: 251 | CC13: 249 | CD13: 219 | CE13: 137 | CF13: 103 | CG13: 169 | CH13: 249 | CI13: 250 | CJ13: 251 | CK13: 247 | CL13: 241 | CM13: 241 | CN13: 222 | CO13: 121 | CP13: 131 | CQ13: 132 | CR13: 59 | CS13: 36 | CT13: 42 | CU13: 83 | CV13: 113 | CW13: 88 | CX13: 152 | CY13: 175 | CZ13: 150 | DA13: 134 | DB13: 116 | DC13: 105 | DD13: 94 | DE13: 97 | DF13: 88 | DG13: 86 | DH13: 83 | DI13: 82 | DJ13: 84 | DK13: 83 | DL13: 79
B14: 55 | C14: 68 | D14: 58 | E14: 79 | F14: 58 | G14: 126 | H14: 203 | I14: 168 | J14: 192 | K14: 205 | L14: 56 | M14: 15 | N14: 15 | O14: 17 | P14: 16 | Q14: 8 | R14: 13 | S14: 33 | T14: 42 | U14: 48 | V14: 51 | W14: 51 | X14: 48 | Y14: 50 | Z14: 60 | AA14: 55 | AB14: 55 | AC14: 34 | AD14: 16 | AE14: 16 | AF14: 18 | AG14: 12 | AH14: 18 | AI14: 13 | AJ14: 11 | AK14: 11 | AL14: 28 | AM14: 39 | AN14: 13 | AO14: 13 | AP14: 20 | AQ14: 30 | AR14: 31 | AS14: 30 | AT14: 27 | AU14: 23 | AV14: 21 | AW14: 17 | AX14: 18 | AY14: 12 | AZ14: 41 | BA14: 42 | BB14: 33 | BC14: 76 | BD14: 56 | BE14: 11 | BF14: 6 | BG14: 21 | BH14: 46 | BI14: 36 | BJ14: 21 | BK14: 106 | BL14: 152 | BM14: 130 | BN14: 151 | BO14: 237 | BP14: 185 | BQ14: 106 | BR14: 60 | BS14: 55 | BT14: 63 | BU14: 47 | BV14: 39 | BW14: 96 | BX14: 155 | BY14: 139 | BZ14: 164 | CA14: 248 | CB14: 251 | CC14: 252 | CD14: 251 | CE14: 235 | CF14: 236 | CG14: 247 | CH14: 253 | CI14: 246 | CJ14: 250 | CK14: 242 | CL14: 238 | CM14: 240 | CN14: 149 | CO14: 125 | CP14: 138 | CQ14: 98 | CR14: 35 | CS14: 38 | CT14: 22 | CU14: 26 | CV14: 75 | CW14: 91 | CX14: 173 | CY14: 185 | CZ14: 172 | DA14: 155 | DB14: 135 | DC14: 118 | DD14: 110 | DE14: 99 | DF14: 93 | DG14: 85 | DH14: 85 | DI14: 86 | DJ14: 81 | DK14: 79 | DL14: 84
B15: 56 | C15: 30 | D15: 50 | E15: 58 | F15: 85 | G15: 70 | H15: 139 | I15: 197 | J15: 213 | K15: 155 | L15: 61 | M15: 20 | N15: 18 | O15: 25 | P15: 25 | Q15: 15 | R15: 24 | S15: 37 | T15: 17 | U15: 13 | V15: 11 | W15: 13 | X15: 17 | Y15: 18 | Z15: 18 | AA15: 16 | AB15: 16 | AC15: 20 | AD15: 24 | AE15: 18 | AF15: 15 | AG15: 11 | AH15: 13 | AI15: 16 | AJ15: 10 | AK15: 39 | AL15: 46 | AM15: 24 | AN15: 22 | AO15: 34 | AP15: 37 | AQ15: 34 | AR15: 30 | AS15: 36 | AT15: 29 | AU15: 28 | AV15: 25 | AW15: 23 | AX15: 17 | AY15: 15 | AZ15: 23 | BA15: 21 | BB15: 113 | BC15: 116 | BD15: 112 | BE15: 67 | BF15: 4 | BG15: 13 | BH15: 24 | BI15: 40 | BJ15: 26 | BK15: 36 | BL15: 134 | BM15: 150 | BN15: 128 | BO15: 161 | BP15: 152 | BQ15: 96 | BR15: 190 | BS15: 128 | BT15: 74 | BU15: 45 | BV15: 28 | BW15: 123 | BX15: 148 | BY15: 133 | BZ15: 187 | CA15: 250 | CB15: 251 | CC15: 254 | CD15: 253 | CE15: 252 | CF15: 250 | CG15: 251 | CH15: 252 | CI15: 248 | CJ15: 245 | CK15: 243 | CL15: 242 | CM15: 171 | CN15: 121 | CO15: 136 | CP15: 125 | CQ15: 53 | CR15: 45 | CS15: 34 | CT15: 16 | CU15: 9 | CV15: 50 | CW15: 80 | CX15: 186 | CY15: 184 | CZ15: 180 | DA15: 174 | DB15: 160 | DC15: 133 | DD15: 121 | DE15: 110 | DF15: 103 | DG15: 95 | DH15: 86 | DI15: 83 | DJ15: 83 | DK15: 81 | DL15: 81
... B96: 137 | C96: 33 | D96: 28 | E96: 19 | F96: 32 | G96: 21 | H96: 33 | I96: 79 | J96: 78 | K96: 94 | L96: 92 | M96: 99 | N96: 106 | O96: 108 | P96: 112 | Q96: 114 | R96: 121 | S96: 119 | T96: 125 | U96: 120 | V96: 121 | W96: 122 | X96: 125 | Y96: 121 | Z96: 119 | AA96: 113 | AB96: 107 | AC96: 108 | AD96: 107 | AE96: 100 | AF96: 93 | AG96: 87 | AH96: 86 | AI96: 91 | AJ96: 138 | AK96: 66 | AL96: 38 | AM96: 15 | AN96: 72 | AO96: 193 | AP96: 81 | AQ96: 121 | AR96: 72 | AS96: 69 | AT96: 67 | AU96: 67 | AV96: 82 | AW96: 63 | AX96: 182 | AY96: 215 | AZ96: 165 | BA96: 201 | BB96: 151 | BC96: 86 | BD96: 60 | BE96: 64 | BF96: 80 | BG96: 30 | BH96: 13 | BI96: 46 | BJ96: 34 | BK96: 45 | BL96: 85 | BM96: 222 | BN96: 198 | BO96: 114 | BP96: 118 | BQ96: 246 | BR96: 219 | BS96: 78 | BT96: 36 | BU96: 27 | BV96: 20 | BW96: 10 | BX96: 10 | BY96: 56 | BZ96: 29 | CA96: 11 | CB96: 131 | CC96: 172 | CD96: 69 | CE96: 47 | CF96: 26 | CG96: 40 | CH96: 28 | CI96: 95 | CJ96: 92 | CK96: 92 | CL96: 98 | CM96: 91 | CN96: 75 | CO96: 99 | CP96: 86 | CQ96: 95 | CR96: 95 | CS96: 101 | CT96: 96 | CU96: 99 | CV96: 91 | CW96: 79 | CX96: 65 | CY96: 66 | CZ96: 83 | DA96: 95 | DB96: 95 | DC96: 93 | DD96: 81 | DE96: 76 | DF96: 63 | DG96: 38 | DH96: 59 | DI96: 18 | DJ96: 16 | DK96: 15 | DL96: 9

Sheet Filtro_anillo
A1: Filtro de anillo: R(x, y) en un punto
A2: R = (μ_disco − μ_anillo) · compuerta, con compuerta = clip((Gmax − μ_anillo)/Gmax, 0, 1); resultado truncado a entero 0–255 (uint8).
B4: x centro (px de análisis) | C4: 179 | D4: Editable. Robot 3: (179, 84). Hueco entre robots: (216, 100).
B5: y centro (px de análisis) | C5: 84
B6: μ_disco (gris medio del disco) | C6: =SUMPRODUCT(INDEX(ImgA,C5-ImgA_y0+1-25,C4-ImgA_x0+1-25):INDEX(ImgA,C5-ImgA_y0+1+25,C4-ImgA_x0+1+25),Disco)/SUM(Disco) -> 126.56418 | D6: Promedio de los píxeles dentro de r_int_a (máscara Disco, abajo). cv2.filter2D con el núcleo normalizado.
B7: μ_anillo (gris medio del anillo) | C7: =SUMPRODUCT(INDEX(ImgA,C5-ImgA_y0+1-25,C4-ImgA_x0+1-25):INDEX(ImgA,C5-ImgA_y0+1+25,C4-ImgA_x0+1+25),Anillo)/SUM(Anillo) -> 64.064721 | D7: Promedio de los píxeles entre r_int_a y r_ext_a (máscara Anillo).
B8: contraste μ_disco − μ_anillo | C8: =C6-C7 -> 62.499458 | D8: Grande y positivo si hay un disco claro rodeado de un anillo oscuro.
B9: compuerta | C9: =MIN(1,MAX(0,(Gmax-C7)/Gmax)) -> 0.39561584 | D9: 1 si el anillo es negro; 0 si su gris medio supera Gmax.
B10: R | C10: =INT(MIN(255,MAX(0,C8*C9))) -> 24 | D10: Respuesta del filtro en este píxel (la app la guarda como uint8).
B11: R con la app (referencia) | C11: =IF(AND(C4=179,C5=84),24,IF(AND(C4=216,C5=100),14,"—")) -> 24 | D11: Valor que da detection.robot_response en Python sobre la misma imagen (solo para los dos puntos de ejemplo).
B12: píxeles del disco / del anillo | C12: =SUM(Disco)&" / "&SUM(Anillo) -> 1005 / 788
B15: Máscaras (51 × 51, centradas en el píxel evaluado)
B16: Disco: distancia ≤ r_int_a. Anillo: r_int_a < distancia ≤ r_ext_a. Los encabezados son el desplazamiento dx (fila 18) y dy (columna a la izquierda de cada máscara).
F17: Disco | BG17: Anillo
F18: -25 | G18: -24 | H18: -23 | I18: -22 | J18: -21 | K18: -20 | L18: -19 | M18: -18 | N18: -17 | O18: -16 | P18: -15 | Q18: -14 | R18: -13 | S18: -12 | T18: -11 | U18: -10 | V18: -9 | W18: -8 | X18: -7 | Y18: -6 | Z18: -5 | AA18: -4 | AB18: -3 | AC18: -2 | AD18: -1 | AE18: 0 | AF18: 1 | AG18: 2 | AH18: 3 | AI18: 4 | AJ18: 5 | AK18: 6 | AL18: 7 | AM18: 8 | AN18: 9 | AO18: 10 | AP18: 11 | AQ18: 12 | AR18: 13 | AS18: 14 | AT18: 15 | AU18: 16 | AV18: 17 | AW18: 18 | AX18: 19 | AY18: 20 | AZ18: 21 | BA18: 22 | BB18: 23 | BC18: 24 | BD18: 25 | BG18: -25 | BH18: -24 | BI18: -23 | BJ18: -22 | BK18: -21 | BL18: -20 | BM18: -19 | BN18: -18 | BO18: -17 | BP18: -16 | BQ18: -15 | BR18: -14 | BS18: -13 | BT18: -12 | BU18: -11 | BV18: -10 | BW18: -9 | BX18: -8 | BY18: -7 | BZ18: -6 | CA18: -5 | CB18: -4 | CC18: -3 | CD18: -2 | CE18: -1 | CF18: 0 | CG18: 1 | CH18: 2 | CI18: 3 | CJ18: 4 | CK18: 5 | CL18: 6 | CM18: 7 | CN18: 8 | CO18: 9 | CP18: 10 | CQ18: 11 | CR18: 12 | CS18: 13 | CT18: 14 | CU18: 15 | CV18: 16 | CW18: 17 | CX18: 18 | CY18: 19 | CZ18: 20 | DA18: 21 | DB18: 22 | DC18: 23 | DD18: 24 | DE18: 25
E19: -25 | F19: =IF(SQRT(F$18^2+$E19^2)<=r_int_a,1,0) -> 0 | G19: =IF(SQRT(G$18^2+$E19^2)<=r_int_a,1,0) -> 0 | H19: =IF(SQRT(H$18^2+$E19^2)<=r_int_a,1,0) -> 0 | I19: =IF(SQRT(I$18^2+$E19^2)<=r_int_a,1,0) -> 0 | J19: =IF(SQRT(J$18^2+$E19^2)<=r_int_a,1,0) -> 0 | K19: =IF(SQRT(K$18^2+$E19^2)<=r_int_a,1,0) -> 0 | L19: =IF(SQRT(L$18^2+$E19^2)<=r_int_a,1,0) -> 0 | M19: =IF(SQRT(M$18^2+$E19^2)<=r_int_a,1,0) -> 0 | ... BD19: =IF(SQRT(BD$18^2+$E19^2)<=r_int_a,1,0) -> 0 | BF19: -25 | BG19: =IF(AND(SQRT(BG$18^2+$E19^2)>r_int_a,SQRT(BG$18^2+$E19^2)<=r_ext_a),1,0) -> 0 | BH19: =IF(AND(SQRT(BH$18^2+$E19^2)>r_int_a,SQRT(BH$18^2+$E19^2)<=r_ext_a),1,0) -> 0 | BI19: =IF(AND(SQRT(BI$18^2+$E19^2)>r_int_a,SQRT(BI$18^2+$E19^2)<=r_ext_a),1,0) -> 0 | BJ19: =IF(AND(SQRT(BJ$18^2+$E19^2)>r_int_a,SQRT(BJ$18^2+$E19^2)<=r_ext_a),1,0) -> 0 | BK19: =IF(AND(SQRT(BK$18^2+$E19^2)>r_int_a,SQRT(BK$18^2+$E19^2)<=r_ext_a),1,0) -> 0 | BL19: =IF(AND(SQRT(BL$18^2+$E19^2)>r_int_a,SQRT(BL$18^2+$E19^2)<=r_ext_a),1,0) -> 0 | BM19: =IF(AND(SQRT(BM$18^2+$E19^2)>r_int_a,SQRT(BM$18^2+$E19^2)<=r_ext_a),1,0) -> 0 | BN19: =IF(AND(SQRT(BN$18^2+$E19^2)>r_int_a,SQRT(BN$18^2+$E19^2)<=r_ext_a),1,0) -> 0 | ... DE19: =IF(AND(SQRT(DE$18^2+$E19^2)>r_int_a,SQRT(DE$18^2+$E19^2)<=r_ext_a),1,0) -> 0
E20: -24 | F20: =IF(SQRT(F$18^2+$E20^2)<=r_int_a,1,0) -> 0 | G20: =IF(SQRT(G$18^2+$E20^2)<=r_int_a,1,0) -> 0 | H20: =IF(SQRT(H$18^2+$E20^2)<=r_int_a,1,0) -> 0 | I20: =IF(SQRT(I$18^2+$E20^2)<=r_int_a,1,0) -> 0 | J20: =IF(SQRT(J$18^2+$E20^2)<=r_int_a,1,0) -> 0 | K20: =IF(SQRT(K$18^2+$E20^2)<=r_int_a,1,0) -> 0 | L20: =IF(SQRT(L$18^2+$E20^2)<=r_int_a,1,0) -> 0 | M20: =IF(SQRT(M$18^2+$E20^2)<=r_int_a,1,0) -> 0 | ... BD20: =IF(SQRT(BD$18^2+$E20^2)<=r_int_a,1,0) -> 0 | BF20: -24 | BG20: =IF(AND(SQRT(BG$18^2+$E20^2)>r_int_a,SQRT(BG$18^2+$E20^2)<=r_ext_a),1,0) -> 0 | BH20: =IF(AND(SQRT(BH$18^2+$E20^2)>r_int_a,SQRT(BH$18^2+$E20^2)<=r_ext_a),1,0) -> 0 | BI20: =IF(AND(SQRT(BI$18^2+$E20^2)>r_int_a,SQRT(BI$18^2+$E20^2)<=r_ext_a),1,0) -> 0 | BJ20: =IF(AND(SQRT(BJ$18^2+$E20^2)>r_int_a,SQRT(BJ$18^2+$E20^2)<=r_ext_a),1,0) -> 0 | BK20: =IF(AND(SQRT(BK$18^2+$E20^2)>r_int_a,SQRT(BK$18^2+$E20^2)<=r_ext_a),1,0) -> 0 | BL20: =IF(AND(SQRT(BL$18^2+$E20^2)>r_int_a,SQRT(BL$18^2+$E20^2)<=r_ext_a),1,0) -> 0 | BM20: =IF(AND(SQRT(BM$18^2+$E20^2)>r_int_a,SQRT(BM$18^2+$E20^2)<=r_ext_a),1,0) -> 0 | BN20: =IF(AND(SQRT(BN$18^2+$E20^2)>r_int_a,SQRT(BN$18^2+$E20^2)<=r_ext_a),1,0) -> 0 | ... DE20: =IF(AND(SQRT(DE$18^2+$E20^2)>r_int_a,SQRT(DE$18^2+$E20^2)<=r_ext_a),1,0) -> 0
E21: -23 | F21: =IF(SQRT(F$18^2+$E21^2)<=r_int_a,1,0) -> 0 | G21: =IF(SQRT(G$18^2+$E21^2)<=r_int_a,1,0) -> 0 | H21: =IF(SQRT(H$18^2+$E21^2)<=r_int_a,1,0) -> 0 | I21: =IF(SQRT(I$18^2+$E21^2)<=r_int_a,1,0) -> 0 | J21: =IF(SQRT(J$18^2+$E21^2)<=r_int_a,1,0) -> 0 | K21: =IF(SQRT(K$18^2+$E21^2)<=r_int_a,1,0) -> 0 | L21: =IF(SQRT(L$18^2+$E21^2)<=r_int_a,1,0) -> 0 | M21: =IF(SQRT(M$18^2+$E21^2)<=r_int_a,1,0) -> 0 | ... BD21: =IF(SQRT(BD$18^2+$E21^2)<=r_int_a,1,0) -> 0 | BF21: -23 | BG21: =IF(AND(SQRT(BG$18^2+$E21^2)>r_int_a,SQRT(BG$18^2+$E21^2)<=r_ext_a),1,0) -> 0 | BH21: =IF(AND(SQRT(BH$18^2+$E21^2)>r_int_a,SQRT(BH$18^2+$E21^2)<=r_ext_a),1,0) -> 0 | BI21: =IF(AND(SQRT(BI$18^2+$E21^2)>r_int_a,SQRT(BI$18^2+$E21^2)<=r_ext_a),1,0) -> 0 | BJ21: =IF(AND(SQRT(BJ$18^2+$E21^2)>r_int_a,SQRT(BJ$18^2+$E21^2)<=r_ext_a),1,0) -> 0 | BK21: =IF(AND(SQRT(BK$18^2+$E21^2)>r_int_a,SQRT(BK$18^2+$E21^2)<=r_ext_a),1,0) -> 0 | BL21: =IF(AND(SQRT(BL$18^2+$E21^2)>r_int_a,SQRT(BL$18^2+$E21^2)<=r_ext_a),1,0) -> 0 | BM21: =IF(AND(SQRT(BM$18^2+$E21^2)>r_int_a,SQRT(BM$18^2+$E21^2)<=r_ext_a),1,0) -> 0 | BN21: =IF(AND(SQRT(BN$18^2+$E21^2)>r_int_a,SQRT(BN$18^2+$E21^2)<=r_ext_a),1,0) -> 0 | ... DE21: =IF(AND(SQRT(DE$18^2+$E21^2)>r_int_a,SQRT(DE$18^2+$E21^2)<=r_ext_a),1,0) -> 0
E22: -22 | F22: =IF(SQRT(F$18^2+$E22^2)<=r_int_a,1,0) -> 0 | G22: =IF(SQRT(G$18^2+$E22^2)<=r_int_a,1,0) -> 0 | H22: =IF(SQRT(H$18^2+$E22^2)<=r_int_a,1,0) -> 0 | I22: =IF(SQRT(I$18^2+$E22^2)<=r_int_a,1,0) -> 0 | J22: =IF(SQRT(J$18^2+$E22^2)<=r_int_a,1,0) -> 0 | K22: =IF(SQRT(K$18^2+$E22^2)<=r_int_a,1,0) -> 0 | L22: =IF(SQRT(L$18^2+$E22^2)<=r_int_a,1,0) -> 0 | M22: =IF(SQRT(M$18^2+$E22^2)<=r_int_a,1,0) -> 0 | ... BD22: =IF(SQRT(BD$18^2+$E22^2)<=r_int_a,1,0) -> 0 | BF22: -22 | BG22: =IF(AND(SQRT(BG$18^2+$E22^2)>r_int_a,SQRT(BG$18^2+$E22^2)<=r_ext_a),1,0) -> 0 | BH22: =IF(AND(SQRT(BH$18^2+$E22^2)>r_int_a,SQRT(BH$18^2+$E22^2)<=r_ext_a),1,0) -> 0 | BI22: =IF(AND(SQRT(BI$18^2+$E22^2)>r_int_a,SQRT(BI$18^2+$E22^2)<=r_ext_a),1,0) -> 0 | BJ22: =IF(AND(SQRT(BJ$18^2+$E22^2)>r_int_a,SQRT(BJ$18^2+$E22^2)<=r_ext_a),1,0) -> 0 | BK22: =IF(AND(SQRT(BK$18^2+$E22^2)>r_int_a,SQRT(BK$18^2+$E22^2)<=r_ext_a),1,0) -> 0 | BL22: =IF(AND(SQRT(BL$18^2+$E22^2)>r_int_a,SQRT(BL$18^2+$E22^2)<=r_ext_a),1,0) -> 0 | BM22: =IF(AND(SQRT(BM$18^2+$E22^2)>r_int_a,SQRT(BM$18^2+$E22^2)<=r_ext_a),1,0) -> 0 | BN22: =IF(AND(SQRT(BN$18^2+$E22^2)>r_int_a,SQRT(BN$18^2+$E22^2)<=r_ext_a),1,0) -> 0 | ... DE22: =IF(AND(SQRT(DE$18^2+$E22^2)>r_int_a,SQRT(DE$18^2+$E22^2)<=r_ext_a),1,0) -> 0
E23: -21 | F23: =IF(SQRT(F$18^2+$E23^2)<=r_int_a,1,0) -> 0 | G23: =IF(SQRT(G$18^2+$E23^2)<=r_int_a,1,0) -> 0 | H23: =IF(SQRT(H$18^2+$E23^2)<=r_int_a,1,0) -> 0 | I23: =IF(SQRT(I$18^2+$E23^2)<=r_int_a,1,0) -> 0 | J23: =IF(SQRT(J$18^2+$E23^2)<=r_int_a,1,0) -> 0 | K23: =IF(SQRT(K$18^2+$E23^2)<=r_int_a,1,0) -> 0 | L23: =IF(SQRT(L$18^2+$E23^2)<=r_int_a,1,0) -> 0 | M23: =IF(SQRT(M$18^2+$E23^2)<=r_int_a,1,0) -> 0 | ... BD23: =IF(SQRT(BD$18^2+$E23^2)<=r_int_a,1,0) -> 0 | BF23: -21 | BG23: =IF(AND(SQRT(BG$18^2+$E23^2)>r_int_a,SQRT(BG$18^2+$E23^2)<=r_ext_a),1,0) -> 0 | BH23: =IF(AND(SQRT(BH$18^2+$E23^2)>r_int_a,SQRT(BH$18^2+$E23^2)<=r_ext_a),1,0) -> 0 | BI23: =IF(AND(SQRT(BI$18^2+$E23^2)>r_int_a,SQRT(BI$18^2+$E23^2)<=r_ext_a),1,0) -> 0 | BJ23: =IF(AND(SQRT(BJ$18^2+$E23^2)>r_int_a,SQRT(BJ$18^2+$E23^2)<=r_ext_a),1,0) -> 0 | BK23: =IF(AND(SQRT(BK$18^2+$E23^2)>r_int_a,SQRT(BK$18^2+$E23^2)<=r_ext_a),1,0) -> 0 | BL23: =IF(AND(SQRT(BL$18^2+$E23^2)>r_int_a,SQRT(BL$18^2+$E23^2)<=r_ext_a),1,0) -> 0 | BM23: =IF(AND(SQRT(BM$18^2+$E23^2)>r_int_a,SQRT(BM$18^2+$E23^2)<=r_ext_a),1,0) -> 0 | BN23: =IF(AND(SQRT(BN$18^2+$E23^2)>r_int_a,SQRT(BN$18^2+$E23^2)<=r_ext_a),1,0) -> 0 | ... DE23: =IF(AND(SQRT(DE$18^2+$E23^2)>r_int_a,SQRT(DE$18^2+$E23^2)<=r_ext_a),1,0) -> 0
E24: -20 | F24: =IF(SQRT(F$18^2+$E24^2)<=r_int_a,1,0) -> 0 | G24: =IF(SQRT(G$18^2+$E24^2)<=r_int_a,1,0) -> 0 | H24: =IF(SQRT(H$18^2+$E24^2)<=r_int_a,1,0) -> 0 | I24: =IF(SQRT(I$18^2+$E24^2)<=r_int_a,1,0) -> 0 | J24: =IF(SQRT(J$18^2+$E24^2)<=r_int_a,1,0) -> 0 | K24: =IF(SQRT(K$18^2+$E24^2)<=r_int_a,1,0) -> 0 | L24: =IF(SQRT(L$18^2+$E24^2)<=r_int_a,1,0) -> 0 | M24: =IF(SQRT(M$18^2+$E24^2)<=r_int_a,1,0) -> 0 | ... BD24: =IF(SQRT(BD$18^2+$E24^2)<=r_int_a,1,0) -> 0 | BF24: -20 | BG24: =IF(AND(SQRT(BG$18^2+$E24^2)>r_int_a,SQRT(BG$18^2+$E24^2)<=r_ext_a),1,0) -> 0 | BH24: =IF(AND(SQRT(BH$18^2+$E24^2)>r_int_a,SQRT(BH$18^2+$E24^2)<=r_ext_a),1,0) -> 0 | BI24: =IF(AND(SQRT(BI$18^2+$E24^2)>r_int_a,SQRT(BI$18^2+$E24^2)<=r_ext_a),1,0) -> 0 | BJ24: =IF(AND(SQRT(BJ$18^2+$E24^2)>r_int_a,SQRT(BJ$18^2+$E24^2)<=r_ext_a),1,0) -> 0 | BK24: =IF(AND(SQRT(BK$18^2+$E24^2)>r_int_a,SQRT(BK$18^2+$E24^2)<=r_ext_a),1,0) -> 0 | BL24: =IF(AND(SQRT(BL$18^2+$E24^2)>r_int_a,SQRT(BL$18^2+$E24^2)<=r_ext_a),1,0) -> 0 | BM24: =IF(AND(SQRT(BM$18^2+$E24^2)>r_int_a,SQRT(BM$18^2+$E24^2)<=r_ext_a),1,0) -> 0 | BN24: =IF(AND(SQRT(BN$18^2+$E24^2)>r_int_a,SQRT(BN$18^2+$E24^2)<=r_ext_a),1,0) -> 0 | ... DE24: =IF(AND(SQRT(DE$18^2+$E24^2)>r_int_a,SQRT(DE$18^2+$E24^2)<=r_ext_a),1,0) -> 0
E25: -19 | F25: =IF(SQRT(F$18^2+$E25^2)<=r_int_a,1,0) -> 0 | G25: =IF(SQRT(G$18^2+$E25^2)<=r_int_a,1,0) -> 0 | H25: =IF(SQRT(H$18^2+$E25^2)<=r_int_a,1,0) -> 0 | I25: =IF(SQRT(I$18^2+$E25^2)<=r_int_a,1,0) -> 0 | J25: =IF(SQRT(J$18^2+$E25^2)<=r_int_a,1,0) -> 0 | K25: =IF(SQRT(K$18^2+$E25^2)<=r_int_a,1,0) -> 0 | L25: =IF(SQRT(L$18^2+$E25^2)<=r_int_a,1,0) -> 0 | M25: =IF(SQRT(M$18^2+$E25^2)<=r_int_a,1,0) -> 0 | ... BD25: =IF(SQRT(BD$18^2+$E25^2)<=r_int_a,1,0) -> 0 | BF25: -19 | BG25: =IF(AND(SQRT(BG$18^2+$E25^2)>r_int_a,SQRT(BG$18^2+$E25^2)<=r_ext_a),1,0) -> 0 | BH25: =IF(AND(SQRT(BH$18^2+$E25^2)>r_int_a,SQRT(BH$18^2+$E25^2)<=r_ext_a),1,0) -> 0 | BI25: =IF(AND(SQRT(BI$18^2+$E25^2)>r_int_a,SQRT(BI$18^2+$E25^2)<=r_ext_a),1,0) -> 0 | BJ25: =IF(AND(SQRT(BJ$18^2+$E25^2)>r_int_a,SQRT(BJ$18^2+$E25^2)<=r_ext_a),1,0) -> 0 | BK25: =IF(AND(SQRT(BK$18^2+$E25^2)>r_int_a,SQRT(BK$18^2+$E25^2)<=r_ext_a),1,0) -> 0 | BL25: =IF(AND(SQRT(BL$18^2+$E25^2)>r_int_a,SQRT(BL$18^2+$E25^2)<=r_ext_a),1,0) -> 0 | BM25: =IF(AND(SQRT(BM$18^2+$E25^2)>r_int_a,SQRT(BM$18^2+$E25^2)<=r_ext_a),1,0) -> 0 | BN25: =IF(AND(SQRT(BN$18^2+$E25^2)>r_int_a,SQRT(BN$18^2+$E25^2)<=r_ext_a),1,0) -> 0 | ... DE25: =IF(AND(SQRT(DE$18^2+$E25^2)>r_int_a,SQRT(DE$18^2+$E25^2)<=r_ext_a),1,0) -> 0
E26: -18 | F26: =IF(SQRT(F$18^2+$E26^2)<=r_int_a,1,0) -> 0 | G26: =IF(SQRT(G$18^2+$E26^2)<=r_int_a,1,0) -> 0 | H26: =IF(SQRT(H$18^2+$E26^2)<=r_int_a,1,0) -> 0 | I26: =IF(SQRT(I$18^2+$E26^2)<=r_int_a,1,0) -> 0 | J26: =IF(SQRT(J$18^2+$E26^2)<=r_int_a,1,0) -> 0 | K26: =IF(SQRT(K$18^2+$E26^2)<=r_int_a,1,0) -> 0 | L26: =IF(SQRT(L$18^2+$E26^2)<=r_int_a,1,0) -> 0 | M26: =IF(SQRT(M$18^2+$E26^2)<=r_int_a,1,0) -> 0 | ... BD26: =IF(SQRT(BD$18^2+$E26^2)<=r_int_a,1,0) -> 0 | BF26: -18 | BG26: =IF(AND(SQRT(BG$18^2+$E26^2)>r_int_a,SQRT(BG$18^2+$E26^2)<=r_ext_a),1,0) -> 0 | BH26: =IF(AND(SQRT(BH$18^2+$E26^2)>r_int_a,SQRT(BH$18^2+$E26^2)<=r_ext_a),1,0) -> 0 | BI26: =IF(AND(SQRT(BI$18^2+$E26^2)>r_int_a,SQRT(BI$18^2+$E26^2)<=r_ext_a),1,0) -> 0 | BJ26: =IF(AND(SQRT(BJ$18^2+$E26^2)>r_int_a,SQRT(BJ$18^2+$E26^2)<=r_ext_a),1,0) -> 0 | BK26: =IF(AND(SQRT(BK$18^2+$E26^2)>r_int_a,SQRT(BK$18^2+$E26^2)<=r_ext_a),1,0) -> 0 | BL26: =IF(AND(SQRT(BL$18^2+$E26^2)>r_int_a,SQRT(BL$18^2+$E26^2)<=r_ext_a),1,0) -> 0 | BM26: =IF(AND(SQRT(BM$18^2+$E26^2)>r_int_a,SQRT(BM$18^2+$E26^2)<=r_ext_a),1,0) -> 0 | BN26: =IF(AND(SQRT(BN$18^2+$E26^2)>r_int_a,SQRT(BN$18^2+$E26^2)<=r_ext_a),1,0) -> 0 | ... DE26: =IF(AND(SQRT(DE$18^2+$E26^2)>r_int_a,SQRT(DE$18^2+$E26^2)<=r_ext_a),1,0) -> 0
E27: -17 | F27: =IF(SQRT(F$18^2+$E27^2)<=r_int_a,1,0) -> 0 | G27: =IF(SQRT(G$18^2+$E27^2)<=r_int_a,1,0) -> 0 | H27: =IF(SQRT(H$18^2+$E27^2)<=r_int_a,1,0) -> 0 | I27: =IF(SQRT(I$18^2+$E27^2)<=r_int_a,1,0) -> 0 | J27: =IF(SQRT(J$18^2+$E27^2)<=r_int_a,1,0) -> 0 | K27: =IF(SQRT(K$18^2+$E27^2)<=r_int_a,1,0) -> 0 | L27: =IF(SQRT(L$18^2+$E27^2)<=r_int_a,1,0) -> 0 | M27: =IF(SQRT(M$18^2+$E27^2)<=r_int_a,1,0) -> 0 | ... BD27: =IF(SQRT(BD$18^2+$E27^2)<=r_int_a,1,0) -> 0 | BF27: -17 | BG27: =IF(AND(SQRT(BG$18^2+$E27^2)>r_int_a,SQRT(BG$18^2+$E27^2)<=r_ext_a),1,0) -> 0 | BH27: =IF(AND(SQRT(BH$18^2+$E27^2)>r_int_a,SQRT(BH$18^2+$E27^2)<=r_ext_a),1,0) -> 0 | BI27: =IF(AND(SQRT(BI$18^2+$E27^2)>r_int_a,SQRT(BI$18^2+$E27^2)<=r_ext_a),1,0) -> 0 | BJ27: =IF(AND(SQRT(BJ$18^2+$E27^2)>r_int_a,SQRT(BJ$18^2+$E27^2)<=r_ext_a),1,0) -> 0 | BK27: =IF(AND(SQRT(BK$18^2+$E27^2)>r_int_a,SQRT(BK$18^2+$E27^2)<=r_ext_a),1,0) -> 0 | BL27: =IF(AND(SQRT(BL$18^2+$E27^2)>r_int_a,SQRT(BL$18^2+$E27^2)<=r_ext_a),1,0) -> 0 | BM27: =IF(AND(SQRT(BM$18^2+$E27^2)>r_int_a,SQRT(BM$18^2+$E27^2)<=r_ext_a),1,0) -> 0 | BN27: =IF(AND(SQRT(BN$18^2+$E27^2)>r_int_a,SQRT(BN$18^2+$E27^2)<=r_ext_a),1,0) -> 0 | ... DE27: =IF(AND(SQRT(DE$18^2+$E27^2)>r_int_a,SQRT(DE$18^2+$E27^2)<=r_ext_a),1,0) -> 0
E28: -16 | F28: =IF(SQRT(F$18^2+$E28^2)<=r_int_a,1,0) -> 0 | G28: =IF(SQRT(G$18^2+$E28^2)<=r_int_a,1,0) -> 0 | H28: =IF(SQRT(H$18^2+$E28^2)<=r_int_a,1,0) -> 0 | I28: =IF(SQRT(I$18^2+$E28^2)<=r_int_a,1,0) -> 0 | J28: =IF(SQRT(J$18^2+$E28^2)<=r_int_a,1,0) -> 0 | K28: =IF(SQRT(K$18^2+$E28^2)<=r_int_a,1,0) -> 0 | L28: =IF(SQRT(L$18^2+$E28^2)<=r_int_a,1,0) -> 0 | M28: =IF(SQRT(M$18^2+$E28^2)<=r_int_a,1,0) -> 0 | ... BD28: =IF(SQRT(BD$18^2+$E28^2)<=r_int_a,1,0) -> 0 | BF28: -16 | BG28: =IF(AND(SQRT(BG$18^2+$E28^2)>r_int_a,SQRT(BG$18^2+$E28^2)<=r_ext_a),1,0) -> 0 | BH28: =IF(AND(SQRT(BH$18^2+$E28^2)>r_int_a,SQRT(BH$18^2+$E28^2)<=r_ext_a),1,0) -> 0 | BI28: =IF(AND(SQRT(BI$18^2+$E28^2)>r_int_a,SQRT(BI$18^2+$E28^2)<=r_ext_a),1,0) -> 0 | BJ28: =IF(AND(SQRT(BJ$18^2+$E28^2)>r_int_a,SQRT(BJ$18^2+$E28^2)<=r_ext_a),1,0) -> 0 | BK28: =IF(AND(SQRT(BK$18^2+$E28^2)>r_int_a,SQRT(BK$18^2+$E28^2)<=r_ext_a),1,0) -> 0 | BL28: =IF(AND(SQRT(BL$18^2+$E28^2)>r_int_a,SQRT(BL$18^2+$E28^2)<=r_ext_a),1,0) -> 0 | BM28: =IF(AND(SQRT(BM$18^2+$E28^2)>r_int_a,SQRT(BM$18^2+$E28^2)<=r_ext_a),1,0) -> 0 | BN28: =IF(AND(SQRT(BN$18^2+$E28^2)>r_int_a,SQRT(BN$18^2+$E28^2)<=r_ext_a),1,0) -> 0 | ... DE28: =IF(AND(SQRT(DE$18^2+$E28^2)>r_int_a,SQRT(DE$18^2+$E28^2)<=r_ext_a),1,0) -> 0
E29: -15 | F29: =IF(SQRT(F$18^2+$E29^2)<=r_int_a,1,0) -> 0 | G29: =IF(SQRT(G$18^2+$E29^2)<=r_int_a,1,0) -> 0 | H29: =IF(SQRT(H$18^2+$E29^2)<=r_int_a,1,0) -> 0 | I29: =IF(SQRT(I$18^2+$E29^2)<=r_int_a,1,0) -> 0 | J29: =IF(SQRT(J$18^2+$E29^2)<=r_int_a,1,0) -> 0 | K29: =IF(SQRT(K$18^2+$E29^2)<=r_int_a,1,0) -> 0 | L29: =IF(SQRT(L$18^2+$E29^2)<=r_int_a,1,0) -> 0 | M29: =IF(SQRT(M$18^2+$E29^2)<=r_int_a,1,0) -> 0 | ... BD29: =IF(SQRT(BD$18^2+$E29^2)<=r_int_a,1,0) -> 0 | BF29: -15 | BG29: =IF(AND(SQRT(BG$18^2+$E29^2)>r_int_a,SQRT(BG$18^2+$E29^2)<=r_ext_a),1,0) -> 0 | BH29: =IF(AND(SQRT(BH$18^2+$E29^2)>r_int_a,SQRT(BH$18^2+$E29^2)<=r_ext_a),1,0) -> 0 | BI29: =IF(AND(SQRT(BI$18^2+$E29^2)>r_int_a,SQRT(BI$18^2+$E29^2)<=r_ext_a),1,0) -> 0 | BJ29: =IF(AND(SQRT(BJ$18^2+$E29^2)>r_int_a,SQRT(BJ$18^2+$E29^2)<=r_ext_a),1,0) -> 0 | BK29: =IF(AND(SQRT(BK$18^2+$E29^2)>r_int_a,SQRT(BK$18^2+$E29^2)<=r_ext_a),1,0) -> 0 | BL29: =IF(AND(SQRT(BL$18^2+$E29^2)>r_int_a,SQRT(BL$18^2+$E29^2)<=r_ext_a),1,0) -> 0 | BM29: =IF(AND(SQRT(BM$18^2+$E29^2)>r_int_a,SQRT(BM$18^2+$E29^2)<=r_ext_a),1,0) -> 0 | BN29: =IF(AND(SQRT(BN$18^2+$E29^2)>r_int_a,SQRT(BN$18^2+$E29^2)<=r_ext_a),1,0) -> 1 | ... DE29: =IF(AND(SQRT(DE$18^2+$E29^2)>r_int_a,SQRT(DE$18^2+$E29^2)<=r_ext_a),1,0) -> 0
E30: -14 | F30: =IF(SQRT(F$18^2+$E30^2)<=r_int_a,1,0) -> 0 | G30: =IF(SQRT(G$18^2+$E30^2)<=r_int_a,1,0) -> 0 | H30: =IF(SQRT(H$18^2+$E30^2)<=r_int_a,1,0) -> 0 | I30: =IF(SQRT(I$18^2+$E30^2)<=r_int_a,1,0) -> 0 | J30: =IF(SQRT(J$18^2+$E30^2)<=r_int_a,1,0) -> 0 | K30: =IF(SQRT(K$18^2+$E30^2)<=r_int_a,1,0) -> 0 | L30: =IF(SQRT(L$18^2+$E30^2)<=r_int_a,1,0) -> 0 | M30: =IF(SQRT(M$18^2+$E30^2)<=r_int_a,1,0) -> 0 | ... BD30: =IF(SQRT(BD$18^2+$E30^2)<=r_int_a,1,0) -> 0 | BF30: -14 | BG30: =IF(AND(SQRT(BG$18^2+$E30^2)>r_int_a,SQRT(BG$18^2+$E30^2)<=r_ext_a),1,0) -> 0 | BH30: =IF(AND(SQRT(BH$18^2+$E30^2)>r_int_a,SQRT(BH$18^2+$E30^2)<=r_ext_a),1,0) -> 0 | BI30: =IF(AND(SQRT(BI$18^2+$E30^2)>r_int_a,SQRT(BI$18^2+$E30^2)<=r_ext_a),1,0) -> 0 | BJ30: =IF(AND(SQRT(BJ$18^2+$E30^2)>r_int_a,SQRT(BJ$18^2+$E30^2)<=r_ext_a),1,0) -> 0 | BK30: =IF(AND(SQRT(BK$18^2+$E30^2)>r_int_a,SQRT(BK$18^2+$E30^2)<=r_ext_a),1,0) -> 0 | BL30: =IF(AND(SQRT(BL$18^2+$E30^2)>r_int_a,SQRT(BL$18^2+$E30^2)<=r_ext_a),1,0) -> 0 | BM30: =IF(AND(SQRT(BM$18^2+$E30^2)>r_int_a,SQRT(BM$18^2+$E30^2)<=r_ext_a),1,0) -> 1 | BN30: =IF(AND(SQRT(BN$18^2+$E30^2)>r_int_a,SQRT(BN$18^2+$E30^2)<=r_ext_a),1,0) -> 1 | ... DE30: =IF(AND(SQRT(DE$18^2+$E30^2)>r_int_a,SQRT(DE$18^2+$E30^2)<=r_ext_a),1,0) -> 0
... E69: 25 | F69: =IF(SQRT(F$18^2+$E69^2)<=r_int_a,1,0) -> 0 | G69: =IF(SQRT(G$18^2+$E69^2)<=r_int_a,1,0) -> 0 | H69: =IF(SQRT(H$18^2+$E69^2)<=r_int_a,1,0) -> 0 | I69: =IF(SQRT(I$18^2+$E69^2)<=r_int_a,1,0) -> 0 | J69: =IF(SQRT(J$18^2+$E69^2)<=r_int_a,1,0) -> 0 | K69: =IF(SQRT(K$18^2+$E69^2)<=r_int_a,1,0) -> 0 | L69: =IF(SQRT(L$18^2+$E69^2)<=r_int_a,1,0) -> 0 | M69: =IF(SQRT(M$18^2+$E69^2)<=r_int_a,1,0) -> 0 | ... BD69: =IF(SQRT(BD$18^2+$E69^2)<=r_int_a,1,0) -> 0 | BF69: 25 | BG69: =IF(AND(SQRT(BG$18^2+$E69^2)>r_int_a,SQRT(BG$18^2+$E69^2)<=r_ext_a),1,0) -> 0 | BH69: =IF(AND(SQRT(BH$18^2+$E69^2)>r_int_a,SQRT(BH$18^2+$E69^2)<=r_ext_a),1,0) -> 0 | BI69: =IF(AND(SQRT(BI$18^2+$E69^2)>r_int_a,SQRT(BI$18^2+$E69^2)<=r_ext_a),1,0) -> 0 | BJ69: =IF(AND(SQRT(BJ$18^2+$E69^2)>r_int_a,SQRT(BJ$18^2+$E69^2)<=r_ext_a),1,0) -> 0 | BK69: =IF(AND(SQRT(BK$18^2+$E69^2)>r_int_a,SQRT(BK$18^2+$E69^2)<=r_ext_a),1,0) -> 0 | BL69: =IF(AND(SQRT(BL$18^2+$E69^2)>r_int_a,SQRT(BL$18^2+$E69^2)<=r_ext_a),1,0) -> 0 | BM69: =IF(AND(SQRT(BM$18^2+$E69^2)>r_int_a,SQRT(BM$18^2+$E69^2)<=r_ext_a),1,0) -> 0 | BN69: =IF(AND(SQRT(BN$18^2+$E69^2)>r_int_a,SQRT(BN$18^2+$E69^2)<=r_ext_a),1,0) -> 0 | ... DE69: =IF(AND(SQRT(DE$18^2+$E69^2)>r_int_a,SQRT(DE$18^2+$E69^2)<=r_ext_a),1,0) -> 0

Sheet Mapa_R
A1: Mapa de respuesta R(x, y) y centro de la mancha (lo que hace trackpy.locate)
A2: Cada celda repite el cálculo de Filtro_anillo en ese píxel. El robot da una mancha ancha de R ≈ 20–48; el hueco entre robots, una mancha débil (≈ 14).
C6: μ_disco | BQ6: Centro de la mancha (≈ trackpy)
C7: 166 | D7: 167 | E7: 168 | F7: 169 | G7: 170 | H7: 171 | I7: 172 | J7: 173 | K7: 174 | L7: 175 | M7: 176 | N7: 177 | O7: 178 | P7: 179 | Q7: 180 | R7: 181 | S7: 182 | T7: 183 | U7: 184 | V7: 185 | W7: 186 | X7: 187 | Y7: 188 | Z7: 189 | AA7: 190 | AB7: 191 | AC7: 192 | AD7: 193 | AE7: 194 | AF7: 195 | AG7: 196 | AH7: 197 | AI7: 198 | AJ7: 199 | AK7: 200 | AL7: 201 | AM7: 202 | AN7: 203 | AO7: 204 | AP7: 205 | AQ7: 206 | AR7: 207 | AS7: 208 | AT7: 209 | AU7: 210 | AV7: 211 | AW7: 212 | AX7: 213 | AY7: 214 | AZ7: 215 | BA7: 216 | BB7: 217 | BC7: 218 | BD7: 219 | BE7: 220 | BF7: 221 | BG7: 222 | BH7: 223 | BI7: 224 | BJ7: 225 | BK7: 226 | BL7: 227 | BM7: 228 | BN7: 229 | BQ7: Se parte de un punto aproximado y se reemplaza por el centroide de R dentro de un círculo de radio rad_tp; se repite hasta que no se mueve. trackpy además pasa el mapa por un filtro pasa-banda, por eso difiere en ~1–2 px.
B8: 70 | C8: =SUMPRODUCT(INDEX(ImgA,$B8-ImgA_y0+1-25,C$7-ImgA_x0+1-25):INDEX(ImgA,$B8-ImgA_y0+1+25,C$7-ImgA_x0+1+25),Disco)/SUM(Disco) -> 74.167164 | D8: =SUMPRODUCT(INDEX(ImgA,$B8-ImgA_y0+1-25,D$7-ImgA_x0+1-25):INDEX(ImgA,$B8-ImgA_y0+1+25,D$7-ImgA_x0+1+25),Disco)/SUM(Disco) -> 76.677612 | E8: =SUMPRODUCT(INDEX(ImgA,$B8-ImgA_y0+1-25,E$7-ImgA_x0+1-25):INDEX(ImgA,$B8-ImgA_y0+1+25,E$7-ImgA_x0+1+25),Disco)/SUM(Disco) -> 79.319403 | F8: =SUMPRODUCT(INDEX(ImgA,$B8-ImgA_y0+1-25,F$7-ImgA_x0+1-25):INDEX(ImgA,$B8-ImgA_y0+1+25,F$7-ImgA_x0+1+25),Disco)/SUM(Disco) -> 81.916418 | G8: =SUMPRODUCT(INDEX(ImgA,$B8-ImgA_y0+1-25,G$7-ImgA_x0+1-25):INDEX(ImgA,$B8-ImgA_y0+1+25,G$7-ImgA_x0+1+25),Disco)/SUM(Disco) -> 84.475622 | H8: =SUMPRODUCT(INDEX(ImgA,$B8-ImgA_y0+1-25,H$7-ImgA_x0+1-25):INDEX(ImgA,$B8-ImgA_y0+1+25,H$7-ImgA_x0+1+25),Disco)/SUM(Disco) -> 86.710448 | I8: =SUMPRODUCT(INDEX(ImgA,$B8-ImgA_y0+1-25,I$7-ImgA_x0+1-25):INDEX(ImgA,$B8-ImgA_y0+1+25,I$7-ImgA_x0+1+25),Disco)/SUM(Disco) -> 88.526368 | J8: =SUMPRODUCT(INDEX(ImgA,$B8-ImgA_y0+1-25,J$7-ImgA_x0+1-25):INDEX(ImgA,$B8-ImgA_y0+1+25,J$7-ImgA_x0+1+25),Disco)/SUM(Disco) -> 90.314428 | ... BN8: =SUMPRODUCT(INDEX(ImgA,$B8-ImgA_y0+1-25,BN$7-ImgA_x0+1-25):INDEX(ImgA,$B8-ImgA_y0+1+25,BN$7-ImgA_x0+1+25),Disco)/SUM(Disco) -> 84.802985
B9: 71 | C9: =SUMPRODUCT(INDEX(ImgA,$B9-ImgA_y0+1-25,C$7-ImgA_x0+1-25):INDEX(ImgA,$B9-ImgA_y0+1+25,C$7-ImgA_x0+1+25),Disco)/SUM(Disco) -> 76.150249 | D9: =SUMPRODUCT(INDEX(ImgA,$B9-ImgA_y0+1-25,D$7-ImgA_x0+1-25):INDEX(ImgA,$B9-ImgA_y0+1+25,D$7-ImgA_x0+1+25),Disco)/SUM(Disco) -> 78.661692 | E9: =SUMPRODUCT(INDEX(ImgA,$B9-ImgA_y0+1-25,E$7-ImgA_x0+1-25):INDEX(ImgA,$B9-ImgA_y0+1+25,E$7-ImgA_x0+1+25),Disco)/SUM(Disco) -> 81.292537 | F9: =SUMPRODUCT(INDEX(ImgA,$B9-ImgA_y0+1-25,F$7-ImgA_x0+1-25):INDEX(ImgA,$B9-ImgA_y0+1+25,F$7-ImgA_x0+1+25),Disco)/SUM(Disco) -> 83.949254 | G9: =SUMPRODUCT(INDEX(ImgA,$B9-ImgA_y0+1-25,G$7-ImgA_x0+1-25):INDEX(ImgA,$B9-ImgA_y0+1+25,G$7-ImgA_x0+1+25),Disco)/SUM(Disco) -> 86.826866 | H9: =SUMPRODUCT(INDEX(ImgA,$B9-ImgA_y0+1-25,H$7-ImgA_x0+1-25):INDEX(ImgA,$B9-ImgA_y0+1+25,H$7-ImgA_x0+1+25),Disco)/SUM(Disco) -> 89.635821 | I9: =SUMPRODUCT(INDEX(ImgA,$B9-ImgA_y0+1-25,I$7-ImgA_x0+1-25):INDEX(ImgA,$B9-ImgA_y0+1+25,I$7-ImgA_x0+1+25),Disco)/SUM(Disco) -> 91.872637 | J9: =SUMPRODUCT(INDEX(ImgA,$B9-ImgA_y0+1-25,J$7-ImgA_x0+1-25):INDEX(ImgA,$B9-ImgA_y0+1+25,J$7-ImgA_x0+1+25),Disco)/SUM(Disco) -> 93.906468 | ... BN9: =SUMPRODUCT(INDEX(ImgA,$B9-ImgA_y0+1-25,BN$7-ImgA_x0+1-25):INDEX(ImgA,$B9-ImgA_y0+1+25,BN$7-ImgA_x0+1+25),Disco)/SUM(Disco) -> 83.208955 | BR9: Robot 3 x | BS9: Robot 3 y | BT9: Hueco x | BU9: Hueco y
B10: 72 | C10: =SUMPRODUCT(INDEX(ImgA,$B10-ImgA_y0+1-25,C$7-ImgA_x0+1-25):INDEX(ImgA,$B10-ImgA_y0+1+25,C$7-ImgA_x0+1+25),Disco)/SUM(Disco) -> 78.432836 | D10: =SUMPRODUCT(INDEX(ImgA,$B10-ImgA_y0+1-25,D$7-ImgA_x0+1-25):INDEX(ImgA,$B10-ImgA_y0+1+25,D$7-ImgA_x0+1+25),Disco)/SUM(Disco) -> 80.98209 | E10: =SUMPRODUCT(INDEX(ImgA,$B10-ImgA_y0+1-25,E$7-ImgA_x0+1-25):INDEX(ImgA,$B10-ImgA_y0+1+25,E$7-ImgA_x0+1+25),Disco)/SUM(Disco) -> 83.464677 | F10: =SUMPRODUCT(INDEX(ImgA,$B10-ImgA_y0+1-25,F$7-ImgA_x0+1-25):INDEX(ImgA,$B10-ImgA_y0+1+25,F$7-ImgA_x0+1+25),Disco)/SUM(Disco) -> 86.252736 | G10: =SUMPRODUCT(INDEX(ImgA,$B10-ImgA_y0+1-25,G$7-ImgA_x0+1-25):INDEX(ImgA,$B10-ImgA_y0+1+25,G$7-ImgA_x0+1+25),Disco)/SUM(Disco) -> 89.3801 | H10: =SUMPRODUCT(INDEX(ImgA,$B10-ImgA_y0+1-25,H$7-ImgA_x0+1-25):INDEX(ImgA,$B10-ImgA_y0+1+25,H$7-ImgA_x0+1+25),Disco)/SUM(Disco) -> 92.536318 | I10: =SUMPRODUCT(INDEX(ImgA,$B10-ImgA_y0+1-25,I$7-ImgA_x0+1-25):INDEX(ImgA,$B10-ImgA_y0+1+25,I$7-ImgA_x0+1+25),Disco)/SUM(Disco) -> 95.026866 | J10: =SUMPRODUCT(INDEX(ImgA,$B10-ImgA_y0+1-25,J$7-ImgA_x0+1-25):INDEX(ImgA,$B10-ImgA_y0+1+25,J$7-ImgA_x0+1+25),Disco)/SUM(Disco) -> 97.022886 | ... BN10: =SUMPRODUCT(INDEX(ImgA,$B10-ImgA_y0+1-25,BN$7-ImgA_x0+1-25):INDEX(ImgA,$B10-ImgA_y0+1+25,BN$7-ImgA_x0+1+25),Disco)/SUM(Disco) -> 81.78806 | BQ10: punto de partida | BR10: 181 | BS10: 88 | BT10: 214 | BU10: 100
B11: 73 | C11: =SUMPRODUCT(INDEX(ImgA,$B11-ImgA_y0+1-25,C$7-ImgA_x0+1-25):INDEX(ImgA,$B11-ImgA_y0+1+25,C$7-ImgA_x0+1+25),Disco)/SUM(Disco) -> 80.430846 | D11: =SUMPRODUCT(INDEX(ImgA,$B11-ImgA_y0+1-25,D$7-ImgA_x0+1-25):INDEX(ImgA,$B11-ImgA_y0+1+25,D$7-ImgA_x0+1+25),Disco)/SUM(Disco) -> 83.060697 | E11: =SUMPRODUCT(INDEX(ImgA,$B11-ImgA_y0+1-25,E$7-ImgA_x0+1-25):INDEX(ImgA,$B11-ImgA_y0+1+25,E$7-ImgA_x0+1+25),Disco)/SUM(Disco) -> 85.666667 | F11: =SUMPRODUCT(INDEX(ImgA,$B11-ImgA_y0+1-25,F$7-ImgA_x0+1-25):INDEX(ImgA,$B11-ImgA_y0+1+25,F$7-ImgA_x0+1+25),Disco)/SUM(Disco) -> 88.698507 | G11: =SUMPRODUCT(INDEX(ImgA,$B11-ImgA_y0+1-25,G$7-ImgA_x0+1-25):INDEX(ImgA,$B11-ImgA_y0+1+25,G$7-ImgA_x0+1+25),Disco)/SUM(Disco) -> 91.98607 | H11: =SUMPRODUCT(INDEX(ImgA,$B11-ImgA_y0+1-25,H$7-ImgA_x0+1-25):INDEX(ImgA,$B11-ImgA_y0+1+25,H$7-ImgA_x0+1+25),Disco)/SUM(Disco) -> 95.058706 | I11: =SUMPRODUCT(INDEX(ImgA,$B11-ImgA_y0+1-25,I$7-ImgA_x0+1-25):INDEX(ImgA,$B11-ImgA_y0+1+25,I$7-ImgA_x0+1+25),Disco)/SUM(Disco) -> 97.666667 | J11: =SUMPRODUCT(INDEX(ImgA,$B11-ImgA_y0+1-25,J$7-ImgA_x0+1-25):INDEX(ImgA,$B11-ImgA_y0+1+25,J$7-ImgA_x0+1+25),Disco)/SUM(Disco) -> 99.748259 | ... BN11: =SUMPRODUCT(INDEX(ImgA,$B11-ImgA_y0+1-25,BN$7-ImgA_x0+1-25):INDEX(ImgA,$B11-ImgA_y0+1+25,BN$7-ImgA_x0+1+25),Disco)/SUM(Disco) -> 80.595025 | BQ11: iteración 1 | BR11: =SUMPRODUCT(Rmap*(((Xg-ROUND(BR10,0))^2+(Yg-ROUND(BS10,0))^2)<=rad_tp^2)*Xg)/SUMPRODUCT(Rmap*(((Xg-ROUND(BR10,0))^2+(Yg-ROUND(BS10,0))^2)<=rad_tp^2)) -> 179.40139 | BS11: =SUMPRODUCT(Rmap*(((Xg-ROUND(BR10,0))^2+(Yg-ROUND(BS10,0))^2)<=rad_tp^2)*Yg)/SUMPRODUCT(Rmap*(((Xg-ROUND(BR10,0))^2+(Yg-ROUND(BS10,0))^2)<=rad_tp^2)) -> 85.252887 | BT11: =SUMPRODUCT(Rmap*(((Xg-ROUND(BT10,0))^2+(Yg-ROUND(BU10,0))^2)<=rad_tp^2)*Xg)/SUMPRODUCT(Rmap*(((Xg-ROUND(BT10,0))^2+(Yg-ROUND(BU10,0))^2)<=rad_tp^2)) -> 215.42381 | BU11: =SUMPRODUCT(Rmap*(((Xg-ROUND(BT10,0))^2+(Yg-ROUND(BU10,0))^2)<=rad_tp^2)*Yg)/SUMPRODUCT(Rmap*(((Xg-ROUND(BT10,0))^2+(Yg-ROUND(BU10,0))^2)<=rad_tp^2)) -> 99.56004
B12: 74 | C12: =SUMPRODUCT(INDEX(ImgA,$B12-ImgA_y0+1-25,C$7-ImgA_x0+1-25):INDEX(ImgA,$B12-ImgA_y0+1+25,C$7-ImgA_x0+1+25),Disco)/SUM(Disco) -> 82.137313 | D12: =SUMPRODUCT(INDEX(ImgA,$B12-ImgA_y0+1-25,D$7-ImgA_x0+1-25):INDEX(ImgA,$B12-ImgA_y0+1+25,D$7-ImgA_x0+1+25),Disco)/SUM(Disco) -> 85.129353 | E12: =SUMPRODUCT(INDEX(ImgA,$B12-ImgA_y0+1-25,E$7-ImgA_x0+1-25):INDEX(ImgA,$B12-ImgA_y0+1+25,E$7-ImgA_x0+1+25),Disco)/SUM(Disco) -> 88.133333 | F12: =SUMPRODUCT(INDEX(ImgA,$B12-ImgA_y0+1-25,F$7-ImgA_x0+1-25):INDEX(ImgA,$B12-ImgA_y0+1+25,F$7-ImgA_x0+1+25),Disco)/SUM(Disco) -> 91.311443 | G12: =SUMPRODUCT(INDEX(ImgA,$B12-ImgA_y0+1-25,G$7-ImgA_x0+1-25):INDEX(ImgA,$B12-ImgA_y0+1+25,G$7-ImgA_x0+1+25),Disco)/SUM(Disco) -> 94.299502 | H12: =SUMPRODUCT(INDEX(ImgA,$B12-ImgA_y0+1-25,H$7-ImgA_x0+1-25):INDEX(ImgA,$B12-ImgA_y0+1+25,H$7-ImgA_x0+1+25),Disco)/SUM(Disco) -> 97.065672 | I12: =SUMPRODUCT(INDEX(ImgA,$B12-ImgA_y0+1-25,I$7-ImgA_x0+1-25):INDEX(ImgA,$B12-ImgA_y0+1+25,I$7-ImgA_x0+1+25),Disco)/SUM(Disco) -> 99.897512 | J12: =SUMPRODUCT(INDEX(ImgA,$B12-ImgA_y0+1-25,J$7-ImgA_x0+1-25):INDEX(ImgA,$B12-ImgA_y0+1+25,J$7-ImgA_x0+1+25),Disco)/SUM(Disco) -> 102.55423 | ... BN12: =SUMPRODUCT(INDEX(ImgA,$B12-ImgA_y0+1-25,BN$7-ImgA_x0+1-25):INDEX(ImgA,$B12-ImgA_y0+1+25,BN$7-ImgA_x0+1+25),Disco)/SUM(Disco) -> 79.532338 | BQ12: iteración 2 | BR12: =SUMPRODUCT(Rmap*(((Xg-ROUND(BR11,0))^2+(Yg-ROUND(BS11,0))^2)<=rad_tp^2)*Xg)/SUMPRODUCT(Rmap*(((Xg-ROUND(BR11,0))^2+(Yg-ROUND(BS11,0))^2)<=rad_tp^2)) -> 178.64141 | BS12: =SUMPRODUCT(Rmap*(((Xg-ROUND(BR11,0))^2+(Yg-ROUND(BS11,0))^2)<=rad_tp^2)*Yg)/SUMPRODUCT(Rmap*(((Xg-ROUND(BR11,0))^2+(Yg-ROUND(BS11,0))^2)<=rad_tp^2)) -> 83.778387 | BT12: =SUMPRODUCT(Rmap*(((Xg-ROUND(BT11,0))^2+(Yg-ROUND(BU11,0))^2)<=rad_tp^2)*Xg)/SUMPRODUCT(Rmap*(((Xg-ROUND(BT11,0))^2+(Yg-ROUND(BU11,0))^2)<=rad_tp^2)) -> 215.57675 | BU12: =SUMPRODUCT(Rmap*(((Xg-ROUND(BT11,0))^2+(Yg-ROUND(BU11,0))^2)<=rad_tp^2)*Yg)/SUMPRODUCT(Rmap*(((Xg-ROUND(BT11,0))^2+(Yg-ROUND(BU11,0))^2)<=rad_tp^2)) -> 99.685455
B13: 75 | C13: =SUMPRODUCT(INDEX(ImgA,$B13-ImgA_y0+1-25,C$7-ImgA_x0+1-25):INDEX(ImgA,$B13-ImgA_y0+1+25,C$7-ImgA_x0+1+25),Disco)/SUM(Disco) -> 83.688557 | D13: =SUMPRODUCT(INDEX(ImgA,$B13-ImgA_y0+1-25,D$7-ImgA_x0+1-25):INDEX(ImgA,$B13-ImgA_y0+1+25,D$7-ImgA_x0+1+25),Disco)/SUM(Disco) -> 86.884577 | E13: =SUMPRODUCT(INDEX(ImgA,$B13-ImgA_y0+1-25,E$7-ImgA_x0+1-25):INDEX(ImgA,$B13-ImgA_y0+1+25,E$7-ImgA_x0+1+25),Disco)/SUM(Disco) -> 90.143284 | F13: =SUMPRODUCT(INDEX(ImgA,$B13-ImgA_y0+1-25,F$7-ImgA_x0+1-25):INDEX(ImgA,$B13-ImgA_y0+1+25,F$7-ImgA_x0+1+25),Disco)/SUM(Disco) -> 93.175124 | G13: =SUMPRODUCT(INDEX(ImgA,$B13-ImgA_y0+1-25,G$7-ImgA_x0+1-25):INDEX(ImgA,$B13-ImgA_y0+1+25,G$7-ImgA_x0+1+25),Disco)/SUM(Disco) -> 95.973134 | H13: =SUMPRODUCT(INDEX(ImgA,$B13-ImgA_y0+1-25,H$7-ImgA_x0+1-25):INDEX(ImgA,$B13-ImgA_y0+1+25,H$7-ImgA_x0+1+25),Disco)/SUM(Disco) -> 98.652736 | I13: =SUMPRODUCT(INDEX(ImgA,$B13-ImgA_y0+1-25,I$7-ImgA_x0+1-25):INDEX(ImgA,$B13-ImgA_y0+1+25,I$7-ImgA_x0+1+25),Disco)/SUM(Disco) -> 101.81891 | J13: =SUMPRODUCT(INDEX(ImgA,$B13-ImgA_y0+1-25,J$7-ImgA_x0+1-25):INDEX(ImgA,$B13-ImgA_y0+1+25,J$7-ImgA_x0+1+25),Disco)/SUM(Disco) -> 104.74527 | ... BN13: =SUMPRODUCT(INDEX(ImgA,$B13-ImgA_y0+1-25,BN$7-ImgA_x0+1-25):INDEX(ImgA,$B13-ImgA_y0+1+25,BN$7-ImgA_x0+1+25),Disco)/SUM(Disco) -> 78.816915 | BQ13: iteración 3 | BR13: =SUMPRODUCT(Rmap*(((Xg-ROUND(BR12,0))^2+(Yg-ROUND(BS12,0))^2)<=rad_tp^2)*Xg)/SUMPRODUCT(Rmap*(((Xg-ROUND(BR12,0))^2+(Yg-ROUND(BS12,0))^2)<=rad_tp^2)) -> 178.57898 | BS13: =SUMPRODUCT(Rmap*(((Xg-ROUND(BR12,0))^2+(Yg-ROUND(BS12,0))^2)<=rad_tp^2)*Yg)/SUMPRODUCT(Rmap*(((Xg-ROUND(BR12,0))^2+(Yg-ROUND(BS12,0))^2)<=rad_tp^2)) -> 83.345938 | BT13: =SUMPRODUCT(Rmap*(((Xg-ROUND(BT12,0))^2+(Yg-ROUND(BU12,0))^2)<=rad_tp^2)*Xg)/SUMPRODUCT(Rmap*(((Xg-ROUND(BT12,0))^2+(Yg-ROUND(BU12,0))^2)<=rad_tp^2)) -> 215.73876 | BU13: =SUMPRODUCT(Rmap*(((Xg-ROUND(BT12,0))^2+(Yg-ROUND(BU12,0))^2)<=rad_tp^2)*Yg)/SUMPRODUCT(Rmap*(((Xg-ROUND(BT12,0))^2+(Yg-ROUND(BU12,0))^2)<=rad_tp^2)) -> 99.823143
B14: 76 | C14: =SUMPRODUCT(INDEX(ImgA,$B14-ImgA_y0+1-25,C$7-ImgA_x0+1-25):INDEX(ImgA,$B14-ImgA_y0+1+25,C$7-ImgA_x0+1+25),Disco)/SUM(Disco) -> 85.082587 | D14: =SUMPRODUCT(INDEX(ImgA,$B14-ImgA_y0+1-25,D$7-ImgA_x0+1-25):INDEX(ImgA,$B14-ImgA_y0+1+25,D$7-ImgA_x0+1+25),Disco)/SUM(Disco) -> 88.472637 | E14: =SUMPRODUCT(INDEX(ImgA,$B14-ImgA_y0+1-25,E$7-ImgA_x0+1-25):INDEX(ImgA,$B14-ImgA_y0+1+25,E$7-ImgA_x0+1+25),Disco)/SUM(Disco) -> 91.595025 | F14: =SUMPRODUCT(INDEX(ImgA,$B14-ImgA_y0+1-25,F$7-ImgA_x0+1-25):INDEX(ImgA,$B14-ImgA_y0+1+25,F$7-ImgA_x0+1+25),Disco)/SUM(Disco) -> 94.455721 | G14: =SUMPRODUCT(INDEX(ImgA,$B14-ImgA_y0+1-25,G$7-ImgA_x0+1-25):INDEX(ImgA,$B14-ImgA_y0+1+25,G$7-ImgA_x0+1+25),Disco)/SUM(Disco) -> 97.235821 | H14: =SUMPRODUCT(INDEX(ImgA,$B14-ImgA_y0+1-25,H$7-ImgA_x0+1-25):INDEX(ImgA,$B14-ImgA_y0+1+25,H$7-ImgA_x0+1+25),Disco)/SUM(Disco) -> 100.26468 | I14: =SUMPRODUCT(INDEX(ImgA,$B14-ImgA_y0+1-25,I$7-ImgA_x0+1-25):INDEX(ImgA,$B14-ImgA_y0+1+25,I$7-ImgA_x0+1+25),Disco)/SUM(Disco) -> 103.51642 | J14: =SUMPRODUCT(INDEX(ImgA,$B14-ImgA_y0+1-25,J$7-ImgA_x0+1-25):INDEX(ImgA,$B14-ImgA_y0+1+25,J$7-ImgA_x0+1+25),Disco)/SUM(Disco) -> 106.28259 | ... BN14: =SUMPRODUCT(INDEX(ImgA,$B14-ImgA_y0+1-25,BN$7-ImgA_x0+1-25):INDEX(ImgA,$B14-ImgA_y0+1+25,BN$7-ImgA_x0+1+25),Disco)/SUM(Disco) -> 78.344279 | BQ14: iteración 4 | BR14: =SUMPRODUCT(Rmap*(((Xg-ROUND(BR13,0))^2+(Yg-ROUND(BS13,0))^2)<=rad_tp^2)*Xg)/SUMPRODUCT(Rmap*(((Xg-ROUND(BR13,0))^2+(Yg-ROUND(BS13,0))^2)<=rad_tp^2)) -> 178.53575 | BS14: =SUMPRODUCT(Rmap*(((Xg-ROUND(BR13,0))^2+(Yg-ROUND(BS13,0))^2)<=rad_tp^2)*Yg)/SUMPRODUCT(Rmap*(((Xg-ROUND(BR13,0))^2+(Yg-ROUND(BS13,0))^2)<=rad_tp^2)) -> 82.897803 | BT14: =SUMPRODUCT(Rmap*(((Xg-ROUND(BT13,0))^2+(Yg-ROUND(BU13,0))^2)<=rad_tp^2)*Xg)/SUMPRODUCT(Rmap*(((Xg-ROUND(BT13,0))^2+(Yg-ROUND(BU13,0))^2)<=rad_tp^2)) -> 215.73876 | BU14: =SUMPRODUCT(Rmap*(((Xg-ROUND(BT13,0))^2+(Yg-ROUND(BU13,0))^2)<=rad_tp^2)*Yg)/SUMPRODUCT(Rmap*(((Xg-ROUND(BT13,0))^2+(Yg-ROUND(BU13,0))^2)<=rad_tp^2)) -> 99.823143
B15: 77 | C15: =SUMPRODUCT(INDEX(ImgA,$B15-ImgA_y0+1-25,C$7-ImgA_x0+1-25):INDEX(ImgA,$B15-ImgA_y0+1+25,C$7-ImgA_x0+1+25),Disco)/SUM(Disco) -> 86.725373 | D15: =SUMPRODUCT(INDEX(ImgA,$B15-ImgA_y0+1-25,D$7-ImgA_x0+1-25):INDEX(ImgA,$B15-ImgA_y0+1+25,D$7-ImgA_x0+1+25),Disco)/SUM(Disco) -> 90.134328 | E15: =SUMPRODUCT(INDEX(ImgA,$B15-ImgA_y0+1-25,E$7-ImgA_x0+1-25):INDEX(ImgA,$B15-ImgA_y0+1+25,E$7-ImgA_x0+1+25),Disco)/SUM(Disco) -> 92.946269 | F15: =SUMPRODUCT(INDEX(ImgA,$B15-ImgA_y0+1-25,F$7-ImgA_x0+1-25):INDEX(ImgA,$B15-ImgA_y0+1+25,F$7-ImgA_x0+1+25),Disco)/SUM(Disco) -> 95.766169 | G15: =SUMPRODUCT(INDEX(ImgA,$B15-ImgA_y0+1-25,G$7-ImgA_x0+1-25):INDEX(ImgA,$B15-ImgA_y0+1+25,G$7-ImgA_x0+1+25),Disco)/SUM(Disco) -> 98.752239 | H15: =SUMPRODUCT(INDEX(ImgA,$B15-ImgA_y0+1-25,H$7-ImgA_x0+1-25):INDEX(ImgA,$B15-ImgA_y0+1+25,H$7-ImgA_x0+1+25),Disco)/SUM(Disco) -> 101.98507 | I15: =SUMPRODUCT(INDEX(ImgA,$B15-ImgA_y0+1-25,I$7-ImgA_x0+1-25):INDEX(ImgA,$B15-ImgA_y0+1+25,I$7-ImgA_x0+1+25),Disco)/SUM(Disco) -> 105.12537 | J15: =SUMPRODUCT(INDEX(ImgA,$B15-ImgA_y0+1-25,J$7-ImgA_x0+1-25):INDEX(ImgA,$B15-ImgA_y0+1+25,J$7-ImgA_x0+1+25),Disco)/SUM(Disco) -> 107.64378 | ... BN15: =SUMPRODUCT(INDEX(ImgA,$B15-ImgA_y0+1-25,BN$7-ImgA_x0+1-25):INDEX(ImgA,$B15-ImgA_y0+1+25,BN$7-ImgA_x0+1+25),Disco)/SUM(Disco) -> 78.654726 | BQ15: iteración 5 | BR15: =SUMPRODUCT(Rmap*(((Xg-ROUND(BR14,0))^2+(Yg-ROUND(BS14,0))^2)<=rad_tp^2)*Xg)/SUMPRODUCT(Rmap*(((Xg-ROUND(BR14,0))^2+(Yg-ROUND(BS14,0))^2)<=rad_tp^2)) -> 178.53575 | BS15: =SUMPRODUCT(Rmap*(((Xg-ROUND(BR14,0))^2+(Yg-ROUND(BS14,0))^2)<=rad_tp^2)*Yg)/SUMPRODUCT(Rmap*(((Xg-ROUND(BR14,0))^2+(Yg-ROUND(BS14,0))^2)<=rad_tp^2)) -> 82.897803 | BT15: =SUMPRODUCT(Rmap*(((Xg-ROUND(BT14,0))^2+(Yg-ROUND(BU14,0))^2)<=rad_tp^2)*Xg)/SUMPRODUCT(Rmap*(((Xg-ROUND(BT14,0))^2+(Yg-ROUND(BU14,0))^2)<=rad_tp^2)) -> 215.73876 | BU15: =SUMPRODUCT(Rmap*(((Xg-ROUND(BT14,0))^2+(Yg-ROUND(BU14,0))^2)<=rad_tp^2)*Yg)/SUMPRODUCT(Rmap*(((Xg-ROUND(BT14,0))^2+(Yg-ROUND(BU14,0))^2)<=rad_tp^2)) -> 99.823143
B16: 78 | C16: =SUMPRODUCT(INDEX(ImgA,$B16-ImgA_y0+1-25,C$7-ImgA_x0+1-25):INDEX(ImgA,$B16-ImgA_y0+1+25,C$7-ImgA_x0+1+25),Disco)/SUM(Disco) -> 88.098507 | D16: =SUMPRODUCT(INDEX(ImgA,$B16-ImgA_y0+1-25,D$7-ImgA_x0+1-25):INDEX(ImgA,$B16-ImgA_y0+1+25,D$7-ImgA_x0+1+25),Disco)/SUM(Disco) -> 91.463682 | E16: =SUMPRODUCT(INDEX(ImgA,$B16-ImgA_y0+1-25,E$7-ImgA_x0+1-25):INDEX(ImgA,$B16-ImgA_y0+1+25,E$7-ImgA_x0+1+25),Disco)/SUM(Disco) -> 94.247761 | F16: =SUMPRODUCT(INDEX(ImgA,$B16-ImgA_y0+1-25,F$7-ImgA_x0+1-25):INDEX(ImgA,$B16-ImgA_y0+1+25,F$7-ImgA_x0+1+25),Disco)/SUM(Disco) -> 97.130348 | G16: =SUMPRODUCT(INDEX(ImgA,$B16-ImgA_y0+1-25,G$7-ImgA_x0+1-25):INDEX(ImgA,$B16-ImgA_y0+1+25,G$7-ImgA_x0+1+25),Disco)/SUM(Disco) -> 100.48159 | H16: =SUMPRODUCT(INDEX(ImgA,$B16-ImgA_y0+1-25,H$7-ImgA_x0+1-25):INDEX(ImgA,$B16-ImgA_y0+1+25,H$7-ImgA_x0+1+25),Disco)/SUM(Disco) -> 103.85174 | I16: =SUMPRODUCT(INDEX(ImgA,$B16-ImgA_y0+1-25,I$7-ImgA_x0+1-25):INDEX(ImgA,$B16-ImgA_y0+1+25,I$7-ImgA_x0+1+25),Disco)/SUM(Disco) -> 106.76816 | J16: =SUMPRODUCT(INDEX(ImgA,$B16-ImgA_y0+1-25,J$7-ImgA_x0+1-25):INDEX(ImgA,$B16-ImgA_y0+1+25,J$7-ImgA_x0+1+25),Disco)/SUM(Disco) -> 109.17413 | ... BN16: =SUMPRODUCT(INDEX(ImgA,$B16-ImgA_y0+1-25,BN$7-ImgA_x0+1-25):INDEX(ImgA,$B16-ImgA_y0+1+25,BN$7-ImgA_x0+1+25),Disco)/SUM(Disco) -> 79.700498 | BQ16: iteración 6 | BR16: =SUMPRODUCT(Rmap*(((Xg-ROUND(BR15,0))^2+(Yg-ROUND(BS15,0))^2)<=rad_tp^2)*Xg)/SUMPRODUCT(Rmap*(((Xg-ROUND(BR15,0))^2+(Yg-ROUND(BS15,0))^2)<=rad_tp^2)) -> 178.53575 | BS16: =SUMPRODUCT(Rmap*(((Xg-ROUND(BR15,0))^2+(Yg-ROUND(BS15,0))^2)<=rad_tp^2)*Yg)/SUMPRODUCT(Rmap*(((Xg-ROUND(BR15,0))^2+(Yg-ROUND(BS15,0))^2)<=rad_tp^2)) -> 82.897803 | BT16: =SUMPRODUCT(Rmap*(((Xg-ROUND(BT15,0))^2+(Yg-ROUND(BU15,0))^2)<=rad_tp^2)*Xg)/SUMPRODUCT(Rmap*(((Xg-ROUND(BT15,0))^2+(Yg-ROUND(BU15,0))^2)<=rad_tp^2)) -> 215.73876 | BU16: =SUMPRODUCT(Rmap*(((Xg-ROUND(BT15,0))^2+(Yg-ROUND(BU15,0))^2)<=rad_tp^2)*Yg)/SUMPRODUCT(Rmap*(((Xg-ROUND(BT15,0))^2+(Yg-ROUND(BU15,0))^2)<=rad_tp^2)) -> 99.823143
B17: 79 | C17: =SUMPRODUCT(INDEX(ImgA,$B17-ImgA_y0+1-25,C$7-ImgA_x0+1-25):INDEX(ImgA,$B17-ImgA_y0+1+25,C$7-ImgA_x0+1+25),Disco)/SUM(Disco) -> 88.898507 | D17: =SUMPRODUCT(INDEX(ImgA,$B17-ImgA_y0+1-25,D$7-ImgA_x0+1-25):INDEX(ImgA,$B17-ImgA_y0+1+25,D$7-ImgA_x0+1+25),Disco)/SUM(Disco) -> 92.295522 | E17: =SUMPRODUCT(INDEX(ImgA,$B17-ImgA_y0+1-25,E$7-ImgA_x0+1-25):INDEX(ImgA,$B17-ImgA_y0+1+25,E$7-ImgA_x0+1+25),Disco)/SUM(Disco) -> 95.316418 | F17: =SUMPRODUCT(INDEX(ImgA,$B17-ImgA_y0+1-25,F$7-ImgA_x0+1-25):INDEX(ImgA,$B17-ImgA_y0+1+25,F$7-ImgA_x0+1+25),Disco)/SUM(Disco) -> 98.621891 | G17: =SUMPRODUCT(INDEX(ImgA,$B17-ImgA_y0+1-25,G$7-ImgA_x0+1-25):INDEX(ImgA,$B17-ImgA_y0+1+25,G$7-ImgA_x0+1+25),Disco)/SUM(Disco) -> 102.13035 | H17: =SUMPRODUCT(INDEX(ImgA,$B17-ImgA_y0+1-25,H$7-ImgA_x0+1-25):INDEX(ImgA,$B17-ImgA_y0+1+25,H$7-ImgA_x0+1+25),Disco)/SUM(Disco) -> 105.35124 | I17: =SUMPRODUCT(INDEX(ImgA,$B17-ImgA_y0+1-25,I$7-ImgA_x0+1-25):INDEX(ImgA,$B17-ImgA_y0+1+25,I$7-ImgA_x0+1+25),Disco)/SUM(Disco) -> 108.20498 | J17: =SUMPRODUCT(INDEX(ImgA,$B17-ImgA_y0+1-25,J$7-ImgA_x0+1-25):INDEX(ImgA,$B17-ImgA_y0+1+25,J$7-ImgA_x0+1+25),Disco)/SUM(Disco) -> 110.6209 | ... BN17: =SUMPRODUCT(INDEX(ImgA,$B17-ImgA_y0+1-25,BN$7-ImgA_x0+1-25):INDEX(ImgA,$B17-ImgA_y0+1+25,BN$7-ImgA_x0+1+25),Disco)/SUM(Disco) -> 80.850746 | BQ17: centro (px de análisis) | BR17: =BR16 -> 178.53575 | BS17: =BS16 -> 82.897803 | BT17: =BT16 -> 215.73876 | BU17: =BU16 -> 99.823143
B18: 80 | C18: =SUMPRODUCT(INDEX(ImgA,$B18-ImgA_y0+1-25,C$7-ImgA_x0+1-25):INDEX(ImgA,$B18-ImgA_y0+1+25,C$7-ImgA_x0+1+25),Disco)/SUM(Disco) -> 89.218905 | D18: =SUMPRODUCT(INDEX(ImgA,$B18-ImgA_y0+1-25,D$7-ImgA_x0+1-25):INDEX(ImgA,$B18-ImgA_y0+1+25,D$7-ImgA_x0+1+25),Disco)/SUM(Disco) -> 92.625871 | E18: =SUMPRODUCT(INDEX(ImgA,$B18-ImgA_y0+1-25,E$7-ImgA_x0+1-25):INDEX(ImgA,$B18-ImgA_y0+1+25,E$7-ImgA_x0+1+25),Disco)/SUM(Disco) -> 96.058706 | F18: =SUMPRODUCT(INDEX(ImgA,$B18-ImgA_y0+1-25,F$7-ImgA_x0+1-25):INDEX(ImgA,$B18-ImgA_y0+1+25,F$7-ImgA_x0+1+25),Disco)/SUM(Disco) -> 99.818905 | G18: =SUMPRODUCT(INDEX(ImgA,$B18-ImgA_y0+1-25,G$7-ImgA_x0+1-25):INDEX(ImgA,$B18-ImgA_y0+1+25,G$7-ImgA_x0+1+25),Disco)/SUM(Disco) -> 103.38905 | H18: =SUMPRODUCT(INDEX(ImgA,$B18-ImgA_y0+1-25,H$7-ImgA_x0+1-25):INDEX(ImgA,$B18-ImgA_y0+1+25,H$7-ImgA_x0+1+25),Disco)/SUM(Disco) -> 106.60498 | I18: =SUMPRODUCT(INDEX(ImgA,$B18-ImgA_y0+1-25,I$7-ImgA_x0+1-25):INDEX(ImgA,$B18-ImgA_y0+1+25,I$7-ImgA_x0+1+25),Disco)/SUM(Disco) -> 109.63184 | J18: =SUMPRODUCT(INDEX(ImgA,$B18-ImgA_y0+1-25,J$7-ImgA_x0+1-25):INDEX(ImgA,$B18-ImgA_y0+1+25,J$7-ImgA_x0+1+25),Disco)/SUM(Disco) -> 112.07065 | ... BN18: =SUMPRODUCT(INDEX(ImgA,$B18-ImgA_y0+1-25,BN$7-ImgA_x0+1-25):INDEX(ImgA,$B18-ImgA_y0+1+25,BN$7-ImgA_x0+1+25),Disco)/SUM(Disco) -> 82.01194 | BQ18: centro (px completos) = / escala | BR18: =BR16/escala -> 349.38503 | BS18: =BS16/escala -> 162.22662 | BT18: =BT16/escala -> 422.18935 | BU18: =BU16/escala -> 195.34862
B19: 81 | C19: =SUMPRODUCT(INDEX(ImgA,$B19-ImgA_y0+1-25,C$7-ImgA_x0+1-25):INDEX(ImgA,$B19-ImgA_y0+1+25,C$7-ImgA_x0+1+25),Disco)/SUM(Disco) -> 89.408955 | D19: =SUMPRODUCT(INDEX(ImgA,$B19-ImgA_y0+1-25,D$7-ImgA_x0+1-25):INDEX(ImgA,$B19-ImgA_y0+1+25,D$7-ImgA_x0+1+25),Disco)/SUM(Disco) -> 92.80995 | E19: =SUMPRODUCT(INDEX(ImgA,$B19-ImgA_y0+1-25,E$7-ImgA_x0+1-25):INDEX(ImgA,$B19-ImgA_y0+1+25,E$7-ImgA_x0+1+25),Disco)/SUM(Disco) -> 96.516418 | F19: =SUMPRODUCT(INDEX(ImgA,$B19-ImgA_y0+1-25,F$7-ImgA_x0+1-25):INDEX(ImgA,$B19-ImgA_y0+1+25,F$7-ImgA_x0+1+25),Disco)/SUM(Disco) -> 100.38109 | G19: =SUMPRODUCT(INDEX(ImgA,$B19-ImgA_y0+1-25,G$7-ImgA_x0+1-25):INDEX(ImgA,$B19-ImgA_y0+1+25,G$7-ImgA_x0+1+25),Disco)/SUM(Disco) -> 104.01592 | H19: =SUMPRODUCT(INDEX(ImgA,$B19-ImgA_y0+1-25,H$7-ImgA_x0+1-25):INDEX(ImgA,$B19-ImgA_y0+1+25,H$7-ImgA_x0+1+25),Disco)/SUM(Disco) -> 107.40498 | I19: =SUMPRODUCT(INDEX(ImgA,$B19-ImgA_y0+1-25,I$7-ImgA_x0+1-25):INDEX(ImgA,$B19-ImgA_y0+1+25,I$7-ImgA_x0+1+25),Disco)/SUM(Disco) -> 110.6 | J19: =SUMPRODUCT(INDEX(ImgA,$B19-ImgA_y0+1-25,J$7-ImgA_x0+1-25):INDEX(ImgA,$B19-ImgA_y0+1+25,J$7-ImgA_x0+1+25),Disco)/SUM(Disco) -> 113.17413 | ... BN19: =SUMPRODUCT(INDEX(ImgA,$B19-ImgA_y0+1-25,BN$7-ImgA_x0+1-25):INDEX(ImgA,$B19-ImgA_y0+1+25,BN$7-ImgA_x0+1+25),Disco)/SUM(Disco) -> 83.260697 | BQ19: trackpy en la app (px completos) | BR19: 350.818 | BS19: 163.658 | BT19: rechazado | BU19: rechazado
B20: 82 | C20: =SUMPRODUCT(INDEX(ImgA,$B20-ImgA_y0+1-25,C$7-ImgA_x0+1-25):INDEX(ImgA,$B20-ImgA_y0+1+25,C$7-ImgA_x0+1+25),Disco)/SUM(Disco) -> 90.069652 | D20: =SUMPRODUCT(INDEX(ImgA,$B20-ImgA_y0+1-25,D$7-ImgA_x0+1-25):INDEX(ImgA,$B20-ImgA_y0+1+25,D$7-ImgA_x0+1+25),Disco)/SUM(Disco) -> 93.229851 | E20: =SUMPRODUCT(INDEX(ImgA,$B20-ImgA_y0+1-25,E$7-ImgA_x0+1-25):INDEX(ImgA,$B20-ImgA_y0+1+25,E$7-ImgA_x0+1+25),Disco)/SUM(Disco) -> 96.954229 | F20: =SUMPRODUCT(INDEX(ImgA,$B20-ImgA_y0+1-25,F$7-ImgA_x0+1-25):INDEX(ImgA,$B20-ImgA_y0+1+25,F$7-ImgA_x0+1+25),Disco)/SUM(Disco) -> 100.65075 | G20: =SUMPRODUCT(INDEX(ImgA,$B20-ImgA_y0+1-25,G$7-ImgA_x0+1-25):INDEX(ImgA,$B20-ImgA_y0+1+25,G$7-ImgA_x0+1+25),Disco)/SUM(Disco) -> 104.19204 | H20: =SUMPRODUCT(INDEX(ImgA,$B20-ImgA_y0+1-25,H$7-ImgA_x0+1-25):INDEX(ImgA,$B20-ImgA_y0+1+25,H$7-ImgA_x0+1+25),Disco)/SUM(Disco) -> 107.66169 | I20: =SUMPRODUCT(INDEX(ImgA,$B20-ImgA_y0+1-25,I$7-ImgA_x0+1-25):INDEX(ImgA,$B20-ImgA_y0+1+25,I$7-ImgA_x0+1+25),Disco)/SUM(Disco) -> 110.83483 | J20: =SUMPRODUCT(INDEX(ImgA,$B20-ImgA_y0+1-25,J$7-ImgA_x0+1-25):INDEX(ImgA,$B20-ImgA_y0+1+25,J$7-ImgA_x0+1+25),Disco)/SUM(Disco) -> 113.42289 | ... BN20: =SUMPRODUCT(INDEX(ImgA,$B20-ImgA_y0+1-25,BN$7-ImgA_x0+1-25):INDEX(ImgA,$B20-ImgA_y0+1+25,BN$7-ImgA_x0+1+25),Disco)/SUM(Disco) -> 84.490547 | BQ20: diferencia (px completos) | BR20: =BR18-BR19 -> -1.4329674 | BS20: =BS18-BS19 -> -1.4313805
B21: 83 | C21: =SUMPRODUCT(INDEX(ImgA,$B21-ImgA_y0+1-25,C$7-ImgA_x0+1-25):INDEX(ImgA,$B21-ImgA_y0+1+25,C$7-ImgA_x0+1+25),Disco)/SUM(Disco) -> 91.179104 | D21: =SUMPRODUCT(INDEX(ImgA,$B21-ImgA_y0+1-25,D$7-ImgA_x0+1-25):INDEX(ImgA,$B21-ImgA_y0+1+25,D$7-ImgA_x0+1+25),Disco)/SUM(Disco) -> 94.20199 | E21: =SUMPRODUCT(INDEX(ImgA,$B21-ImgA_y0+1-25,E$7-ImgA_x0+1-25):INDEX(ImgA,$B21-ImgA_y0+1+25,E$7-ImgA_x0+1+25),Disco)/SUM(Disco) -> 97.627861 | F21: =SUMPRODUCT(INDEX(ImgA,$B21-ImgA_y0+1-25,F$7-ImgA_x0+1-25):INDEX(ImgA,$B21-ImgA_y0+1+25,F$7-ImgA_x0+1+25),Disco)/SUM(Disco) -> 101.16716 | G21: =SUMPRODUCT(INDEX(ImgA,$B21-ImgA_y0+1-25,G$7-ImgA_x0+1-25):INDEX(ImgA,$B21-ImgA_y0+1+25,G$7-ImgA_x0+1+25),Disco)/SUM(Disco) -> 104.48856 | H21: =SUMPRODUCT(INDEX(ImgA,$B21-ImgA_y0+1-25,H$7-ImgA_x0+1-25):INDEX(ImgA,$B21-ImgA_y0+1+25,H$7-ImgA_x0+1+25),Disco)/SUM(Disco) -> 107.6995 | I21: =SUMPRODUCT(INDEX(ImgA,$B21-ImgA_y0+1-25,I$7-ImgA_x0+1-25):INDEX(ImgA,$B21-ImgA_y0+1+25,I$7-ImgA_x0+1+25),Disco)/SUM(Disco) -> 110.66667 | J21: =SUMPRODUCT(INDEX(ImgA,$B21-ImgA_y0+1-25,J$7-ImgA_x0+1-25):INDEX(ImgA,$B21-ImgA_y0+1+25,J$7-ImgA_x0+1+25),Disco)/SUM(Disco) -> 113.3204 | ... BN21: =SUMPRODUCT(INDEX(ImgA,$B21-ImgA_y0+1-25,BN$7-ImgA_x0+1-25):INDEX(ImgA,$B21-ImgA_y0+1+25,BN$7-ImgA_x0+1+25),Disco)/SUM(Disco) -> 86.116418 | BQ21: masa = Σ R en el círculo | BR21: =SUMPRODUCT(Rmap*(((Xg-ROUND(BR16,0))^2+(Yg-ROUND(BS16,0))^2)<=rad_tp^2)) -> 5734 | BT21: =SUMPRODUCT(Rmap*(((Xg-ROUND(BT16,0))^2+(Yg-ROUND(BU16,0))^2)<=rad_tp^2)) -> 1979
B22: 84 | C22: =SUMPRODUCT(INDEX(ImgA,$B22-ImgA_y0+1-25,C$7-ImgA_x0+1-25):INDEX(ImgA,$B22-ImgA_y0+1+25,C$7-ImgA_x0+1+25),Disco)/SUM(Disco) -> 92.399005 | D22: =SUMPRODUCT(INDEX(ImgA,$B22-ImgA_y0+1-25,D$7-ImgA_x0+1-25):INDEX(ImgA,$B22-ImgA_y0+1+25,D$7-ImgA_x0+1+25),Disco)/SUM(Disco) -> 95.466667 | E22: =SUMPRODUCT(INDEX(ImgA,$B22-ImgA_y0+1-25,E$7-ImgA_x0+1-25):INDEX(ImgA,$B22-ImgA_y0+1+25,E$7-ImgA_x0+1+25),Disco)/SUM(Disco) -> 98.833831 | F22: =SUMPRODUCT(INDEX(ImgA,$B22-ImgA_y0+1-25,F$7-ImgA_x0+1-25):INDEX(ImgA,$B22-ImgA_y0+1+25,F$7-ImgA_x0+1+25),Disco)/SUM(Disco) -> 101.84876 | G22: =SUMPRODUCT(INDEX(ImgA,$B22-ImgA_y0+1-25,G$7-ImgA_x0+1-25):INDEX(ImgA,$B22-ImgA_y0+1+25,G$7-ImgA_x0+1+25),Disco)/SUM(Disco) -> 104.75821 | H22: =SUMPRODUCT(INDEX(ImgA,$B22-ImgA_y0+1-25,H$7-ImgA_x0+1-25):INDEX(ImgA,$B22-ImgA_y0+1+25,H$7-ImgA_x0+1+25),Disco)/SUM(Disco) -> 107.57015 | I22: =SUMPRODUCT(INDEX(ImgA,$B22-ImgA_y0+1-25,I$7-ImgA_x0+1-25):INDEX(ImgA,$B22-ImgA_y0+1+25,I$7-ImgA_x0+1+25),Disco)/SUM(Disco) -> 110.33134 | J22: =SUMPRODUCT(INDEX(ImgA,$B22-ImgA_y0+1-25,J$7-ImgA_x0+1-25):INDEX(ImgA,$B22-ImgA_y0+1+25,J$7-ImgA_x0+1+25),Disco)/SUM(Disco) -> 113.40199 | ... BN22: =SUMPRODUCT(INDEX(ImgA,$B22-ImgA_y0+1-25,BN$7-ImgA_x0+1-25):INDEX(ImgA,$B22-ImgA_y0+1+25,BN$7-ImgA_x0+1+25),Disco)/SUM(Disco) -> 87.724378
B23: 85 | C23: =SUMPRODUCT(INDEX(ImgA,$B23-ImgA_y0+1-25,C$7-ImgA_x0+1-25):INDEX(ImgA,$B23-ImgA_y0+1+25,C$7-ImgA_x0+1+25),Disco)/SUM(Disco) -> 93.303483 | D23: =SUMPRODUCT(INDEX(ImgA,$B23-ImgA_y0+1-25,D$7-ImgA_x0+1-25):INDEX(ImgA,$B23-ImgA_y0+1+25,D$7-ImgA_x0+1+25),Disco)/SUM(Disco) -> 96.496517 | E23: =SUMPRODUCT(INDEX(ImgA,$B23-ImgA_y0+1-25,E$7-ImgA_x0+1-25):INDEX(ImgA,$B23-ImgA_y0+1+25,E$7-ImgA_x0+1+25),Disco)/SUM(Disco) -> 99.665672 | F23: =SUMPRODUCT(INDEX(ImgA,$B23-ImgA_y0+1-25,F$7-ImgA_x0+1-25):INDEX(ImgA,$B23-ImgA_y0+1+25,F$7-ImgA_x0+1+25),Disco)/SUM(Disco) -> 102.27065 | G23: =SUMPRODUCT(INDEX(ImgA,$B23-ImgA_y0+1-25,G$7-ImgA_x0+1-25):INDEX(ImgA,$B23-ImgA_y0+1+25,G$7-ImgA_x0+1+25),Disco)/SUM(Disco) -> 104.90846 | H23: =SUMPRODUCT(INDEX(ImgA,$B23-ImgA_y0+1-25,H$7-ImgA_x0+1-25):INDEX(ImgA,$B23-ImgA_y0+1+25,H$7-ImgA_x0+1+25),Disco)/SUM(Disco) -> 107.73134 | I23: =SUMPRODUCT(INDEX(ImgA,$B23-ImgA_y0+1-25,I$7-ImgA_x0+1-25):INDEX(ImgA,$B23-ImgA_y0+1+25,I$7-ImgA_x0+1+25),Disco)/SUM(Disco) -> 110.66368 | J23: =SUMPRODUCT(INDEX(ImgA,$B23-ImgA_y0+1-25,J$7-ImgA_x0+1-25):INDEX(ImgA,$B23-ImgA_y0+1+25,J$7-ImgA_x0+1+25),Disco)/SUM(Disco) -> 113.56716 | ... BN23: =SUMPRODUCT(INDEX(ImgA,$B23-ImgA_y0+1-25,BN$7-ImgA_x0+1-25):INDEX(ImgA,$B23-ImgA_y0+1+25,BN$7-ImgA_x0+1+25),Disco)/SUM(Disco) -> 89.240796 | BQ23: El hueco también da una mancha (más débil): trackpy lo propone como candidato y lo descarta la hoja Cobertura.
B24: 86 | C24: =SUMPRODUCT(INDEX(ImgA,$B24-ImgA_y0+1-25,C$7-ImgA_x0+1-25):INDEX(ImgA,$B24-ImgA_y0+1+25,C$7-ImgA_x0+1+25),Disco)/SUM(Disco) -> 93.658706 | D24: =SUMPRODUCT(INDEX(ImgA,$B24-ImgA_y0+1-25,D$7-ImgA_x0+1-25):INDEX(ImgA,$B24-ImgA_y0+1+25,D$7-ImgA_x0+1+25),Disco)/SUM(Disco) -> 96.712438 | E24: =SUMPRODUCT(INDEX(ImgA,$B24-ImgA_y0+1-25,E$7-ImgA_x0+1-25):INDEX(ImgA,$B24-ImgA_y0+1+25,E$7-ImgA_x0+1+25),Disco)/SUM(Disco) -> 99.922388 | F24: =SUMPRODUCT(INDEX(ImgA,$B24-ImgA_y0+1-25,F$7-ImgA_x0+1-25):INDEX(ImgA,$B24-ImgA_y0+1+25,F$7-ImgA_x0+1+25),Disco)/SUM(Disco) -> 102.50348 | G24: =SUMPRODUCT(INDEX(ImgA,$B24-ImgA_y0+1-25,G$7-ImgA_x0+1-25):INDEX(ImgA,$B24-ImgA_y0+1+25,G$7-ImgA_x0+1+25),Disco)/SUM(Disco) -> 104.99801 | H24: =SUMPRODUCT(INDEX(ImgA,$B24-ImgA_y0+1-25,H$7-ImgA_x0+1-25):INDEX(ImgA,$B24-ImgA_y0+1+25,H$7-ImgA_x0+1+25),Disco)/SUM(Disco) -> 107.80697 | I24: =SUMPRODUCT(INDEX(ImgA,$B24-ImgA_y0+1-25,I$7-ImgA_x0+1-25):INDEX(ImgA,$B24-ImgA_y0+1+25,I$7-ImgA_x0+1+25),Disco)/SUM(Disco) -> 110.90746 | J24: =SUMPRODUCT(INDEX(ImgA,$B24-ImgA_y0+1-25,J$7-ImgA_x0+1-25):INDEX(ImgA,$B24-ImgA_y0+1+25,J$7-ImgA_x0+1+25),Disco)/SUM(Disco) -> 113.73831 | ... BN24: =SUMPRODUCT(INDEX(ImgA,$B24-ImgA_y0+1-25,BN$7-ImgA_x0+1-25):INDEX(ImgA,$B24-ImgA_y0+1+25,BN$7-ImgA_x0+1+25),Disco)/SUM(Disco) -> 90.9801
B25: 87 | C25: =SUMPRODUCT(INDEX(ImgA,$B25-ImgA_y0+1-25,C$7-ImgA_x0+1-25):INDEX(ImgA,$B25-ImgA_y0+1+25,C$7-ImgA_x0+1+25),Disco)/SUM(Disco) -> 93.663682 | D25: =SUMPRODUCT(INDEX(ImgA,$B25-ImgA_y0+1-25,D$7-ImgA_x0+1-25):INDEX(ImgA,$B25-ImgA_y0+1+25,D$7-ImgA_x0+1+25),Disco)/SUM(Disco) -> 96.494527 | E25: =SUMPRODUCT(INDEX(ImgA,$B25-ImgA_y0+1-25,E$7-ImgA_x0+1-25):INDEX(ImgA,$B25-ImgA_y0+1+25,E$7-ImgA_x0+1+25),Disco)/SUM(Disco) -> 99.468657 | F25: =SUMPRODUCT(INDEX(ImgA,$B25-ImgA_y0+1-25,F$7-ImgA_x0+1-25):INDEX(ImgA,$B25-ImgA_y0+1+25,F$7-ImgA_x0+1+25),Disco)/SUM(Disco) -> 102.23085 | G25: =SUMPRODUCT(INDEX(ImgA,$B25-ImgA_y0+1-25,G$7-ImgA_x0+1-25):INDEX(ImgA,$B25-ImgA_y0+1+25,G$7-ImgA_x0+1+25),Disco)/SUM(Disco) -> 104.86269 | H25: =SUMPRODUCT(INDEX(ImgA,$B25-ImgA_y0+1-25,H$7-ImgA_x0+1-25):INDEX(ImgA,$B25-ImgA_y0+1+25,H$7-ImgA_x0+1+25),Disco)/SUM(Disco) -> 107.75522 | I25: =SUMPRODUCT(INDEX(ImgA,$B25-ImgA_y0+1-25,I$7-ImgA_x0+1-25):INDEX(ImgA,$B25-ImgA_y0+1+25,I$7-ImgA_x0+1+25),Disco)/SUM(Disco) -> 110.93532 | J25: =SUMPRODUCT(INDEX(ImgA,$B25-ImgA_y0+1-25,J$7-ImgA_x0+1-25):INDEX(ImgA,$B25-ImgA_y0+1+25,J$7-ImgA_x0+1+25),Disco)/SUM(Disco) -> 113.73234 | ... BN25: =SUMPRODUCT(INDEX(ImgA,$B25-ImgA_y0+1-25,BN$7-ImgA_x0+1-25):INDEX(ImgA,$B25-ImgA_y0+1+25,BN$7-ImgA_x0+1+25),Disco)/SUM(Disco) -> 92.824876
B26: 88 | C26: =SUMPRODUCT(INDEX(ImgA,$B26-ImgA_y0+1-25,C$7-ImgA_x0+1-25):INDEX(ImgA,$B26-ImgA_y0+1+25,C$7-ImgA_x0+1+25),Disco)/SUM(Disco) -> 93.206965 | D26: =SUMPRODUCT(INDEX(ImgA,$B26-ImgA_y0+1-25,D$7-ImgA_x0+1-25):INDEX(ImgA,$B26-ImgA_y0+1+25,D$7-ImgA_x0+1+25),Disco)/SUM(Disco) -> 95.864677 | E26: =SUMPRODUCT(INDEX(ImgA,$B26-ImgA_y0+1-25,E$7-ImgA_x0+1-25):INDEX(ImgA,$B26-ImgA_y0+1+25,E$7-ImgA_x0+1+25),Disco)/SUM(Disco) -> 98.699502 | F26: =SUMPRODUCT(INDEX(ImgA,$B26-ImgA_y0+1-25,F$7-ImgA_x0+1-25):INDEX(ImgA,$B26-ImgA_y0+1+25,F$7-ImgA_x0+1+25),Disco)/SUM(Disco) -> 101.35423 | G26: =SUMPRODUCT(INDEX(ImgA,$B26-ImgA_y0+1-25,G$7-ImgA_x0+1-25):INDEX(ImgA,$B26-ImgA_y0+1+25,G$7-ImgA_x0+1+25),Disco)/SUM(Disco) -> 104.1602 | H26: =SUMPRODUCT(INDEX(ImgA,$B26-ImgA_y0+1-25,H$7-ImgA_x0+1-25):INDEX(ImgA,$B26-ImgA_y0+1+25,H$7-ImgA_x0+1+25),Disco)/SUM(Disco) -> 107.36318 | I26: =SUMPRODUCT(INDEX(ImgA,$B26-ImgA_y0+1-25,I$7-ImgA_x0+1-25):INDEX(ImgA,$B26-ImgA_y0+1+25,I$7-ImgA_x0+1+25),Disco)/SUM(Disco) -> 110.40697 | J26: =SUMPRODUCT(INDEX(ImgA,$B26-ImgA_y0+1-25,J$7-ImgA_x0+1-25):INDEX(ImgA,$B26-ImgA_y0+1+25,J$7-ImgA_x0+1+25),Disco)/SUM(Disco) -> 113.1403 | ... BN26: =SUMPRODUCT(INDEX(ImgA,$B26-ImgA_y0+1-25,BN$7-ImgA_x0+1-25):INDEX(ImgA,$B26-ImgA_y0+1+25,BN$7-ImgA_x0+1+25),Disco)/SUM(Disco) -> 94.479602
B27: 89 | C27: =SUMPRODUCT(INDEX(ImgA,$B27-ImgA_y0+1-25,C$7-ImgA_x0+1-25):INDEX(ImgA,$B27-ImgA_y0+1+25,C$7-ImgA_x0+1+25),Disco)/SUM(Disco) -> 92.564179 | D27: =SUMPRODUCT(INDEX(ImgA,$B27-ImgA_y0+1-25,D$7-ImgA_x0+1-25):INDEX(ImgA,$B27-ImgA_y0+1+25,D$7-ImgA_x0+1+25),Disco)/SUM(Disco) -> 95.043781 | E27: =SUMPRODUCT(INDEX(ImgA,$B27-ImgA_y0+1-25,E$7-ImgA_x0+1-25):INDEX(ImgA,$B27-ImgA_y0+1+25,E$7-ImgA_x0+1+25),Disco)/SUM(Disco) -> 97.643781 | F27: =SUMPRODUCT(INDEX(ImgA,$B27-ImgA_y0+1-25,F$7-ImgA_x0+1-25):INDEX(ImgA,$B27-ImgA_y0+1+25,F$7-ImgA_x0+1+25),Disco)/SUM(Disco) -> 100.03781 | G27: =SUMPRODUCT(INDEX(ImgA,$B27-ImgA_y0+1-25,G$7-ImgA_x0+1-25):INDEX(ImgA,$B27-ImgA_y0+1+25,G$7-ImgA_x0+1+25),Disco)/SUM(Disco) -> 102.69652 | H27: =SUMPRODUCT(INDEX(ImgA,$B27-ImgA_y0+1-25,H$7-ImgA_x0+1-25):INDEX(ImgA,$B27-ImgA_y0+1+25,H$7-ImgA_x0+1+25),Disco)/SUM(Disco) -> 105.74627 | I27: =SUMPRODUCT(INDEX(ImgA,$B27-ImgA_y0+1-25,I$7-ImgA_x0+1-25):INDEX(ImgA,$B27-ImgA_y0+1+25,I$7-ImgA_x0+1+25),Disco)/SUM(Disco) -> 108.86766 | J27: =SUMPRODUCT(INDEX(ImgA,$B27-ImgA_y0+1-25,J$7-ImgA_x0+1-25):INDEX(ImgA,$B27-ImgA_y0+1+25,J$7-ImgA_x0+1+25),Disco)/SUM(Disco) -> 111.5801 | ... BN27: =SUMPRODUCT(INDEX(ImgA,$B27-ImgA_y0+1-25,BN$7-ImgA_x0+1-25):INDEX(ImgA,$B27-ImgA_y0+1+25,BN$7-ImgA_x0+1+25),Disco)/SUM(Disco) -> 96.19204
B28: 90 | C28: =SUMPRODUCT(INDEX(ImgA,$B28-ImgA_y0+1-25,C$7-ImgA_x0+1-25):INDEX(ImgA,$B28-ImgA_y0+1+25,C$7-ImgA_x0+1+25),Disco)/SUM(Disco) -> 91.78607 | D28: =SUMPRODUCT(INDEX(ImgA,$B28-ImgA_y0+1-25,D$7-ImgA_x0+1-25):INDEX(ImgA,$B28-ImgA_y0+1+25,D$7-ImgA_x0+1+25),Disco)/SUM(Disco) -> 94.060697 | E28: =SUMPRODUCT(INDEX(ImgA,$B28-ImgA_y0+1-25,E$7-ImgA_x0+1-25):INDEX(ImgA,$B28-ImgA_y0+1+25,E$7-ImgA_x0+1+25),Disco)/SUM(Disco) -> 96.232836 | F28: =SUMPRODUCT(INDEX(ImgA,$B28-ImgA_y0+1-25,F$7-ImgA_x0+1-25):INDEX(ImgA,$B28-ImgA_y0+1+25,F$7-ImgA_x0+1+25),Disco)/SUM(Disco) -> 98.455721 | G28: =SUMPRODUCT(INDEX(ImgA,$B28-ImgA_y0+1-25,G$7-ImgA_x0+1-25):INDEX(ImgA,$B28-ImgA_y0+1+25,G$7-ImgA_x0+1+25),Disco)/SUM(Disco) -> 101.12736 | H28: =SUMPRODUCT(INDEX(ImgA,$B28-ImgA_y0+1-25,H$7-ImgA_x0+1-25):INDEX(ImgA,$B28-ImgA_y0+1+25,H$7-ImgA_x0+1+25),Disco)/SUM(Disco) -> 103.77612 | I28: =SUMPRODUCT(INDEX(ImgA,$B28-ImgA_y0+1-25,I$7-ImgA_x0+1-25):INDEX(ImgA,$B28-ImgA_y0+1+25,I$7-ImgA_x0+1+25),Disco)/SUM(Disco) -> 106.45373 | J28: =SUMPRODUCT(INDEX(ImgA,$B28-ImgA_y0+1-25,J$7-ImgA_x0+1-25):INDEX(ImgA,$B28-ImgA_y0+1+25,J$7-ImgA_x0+1+25),Disco)/SUM(Disco) -> 109.11244 | ... BN28: =SUMPRODUCT(INDEX(ImgA,$B28-ImgA_y0+1-25,BN$7-ImgA_x0+1-25):INDEX(ImgA,$B28-ImgA_y0+1+25,BN$7-ImgA_x0+1+25),Disco)/SUM(Disco) -> 97.80995
B29: 91 | C29: =SUMPRODUCT(INDEX(ImgA,$B29-ImgA_y0+1-25,C$7-ImgA_x0+1-25):INDEX(ImgA,$B29-ImgA_y0+1+25,C$7-ImgA_x0+1+25),Disco)/SUM(Disco) -> 90.565174 | D29: =SUMPRODUCT(INDEX(ImgA,$B29-ImgA_y0+1-25,D$7-ImgA_x0+1-25):INDEX(ImgA,$B29-ImgA_y0+1+25,D$7-ImgA_x0+1+25),Disco)/SUM(Disco) -> 92.752239 | E29: =SUMPRODUCT(INDEX(ImgA,$B29-ImgA_y0+1-25,E$7-ImgA_x0+1-25):INDEX(ImgA,$B29-ImgA_y0+1+25,E$7-ImgA_x0+1+25),Disco)/SUM(Disco) -> 94.964179 | F29: =SUMPRODUCT(INDEX(ImgA,$B29-ImgA_y0+1-25,F$7-ImgA_x0+1-25):INDEX(ImgA,$B29-ImgA_y0+1+25,F$7-ImgA_x0+1+25),Disco)/SUM(Disco) -> 97.144279 | G29: =SUMPRODUCT(INDEX(ImgA,$B29-ImgA_y0+1-25,G$7-ImgA_x0+1-25):INDEX(ImgA,$B29-ImgA_y0+1+25,G$7-ImgA_x0+1+25),Disco)/SUM(Disco) -> 99.290547 | H29: =SUMPRODUCT(INDEX(ImgA,$B29-ImgA_y0+1-25,H$7-ImgA_x0+1-25):INDEX(ImgA,$B29-ImgA_y0+1+25,H$7-ImgA_x0+1+25),Disco)/SUM(Disco) -> 101.23781 | I29: =SUMPRODUCT(INDEX(ImgA,$B29-ImgA_y0+1-25,I$7-ImgA_x0+1-25):INDEX(ImgA,$B29-ImgA_y0+1+25,I$7-ImgA_x0+1+25),Disco)/SUM(Disco) -> 103.2398 | J29: =SUMPRODUCT(INDEX(ImgA,$B29-ImgA_y0+1-25,J$7-ImgA_x0+1-25):INDEX(ImgA,$B29-ImgA_y0+1+25,J$7-ImgA_x0+1+25),Disco)/SUM(Disco) -> 105.89055 | ... BN29: =SUMPRODUCT(INDEX(ImgA,$B29-ImgA_y0+1-25,BN$7-ImgA_x0+1-25):INDEX(ImgA,$B29-ImgA_y0+1+25,BN$7-ImgA_x0+1+25),Disco)/SUM(Disco) -> 99.316418
B30: 92 | C30: =SUMPRODUCT(INDEX(ImgA,$B30-ImgA_y0+1-25,C$7-ImgA_x0+1-25):INDEX(ImgA,$B30-ImgA_y0+1+25,C$7-ImgA_x0+1+25),Disco)/SUM(Disco) -> 89.565174 | D30: =SUMPRODUCT(INDEX(ImgA,$B30-ImgA_y0+1-25,D$7-ImgA_x0+1-25):INDEX(ImgA,$B30-ImgA_y0+1+25,D$7-ImgA_x0+1+25),Disco)/SUM(Disco) -> 91.61194 | E30: =SUMPRODUCT(INDEX(ImgA,$B30-ImgA_y0+1-25,E$7-ImgA_x0+1-25):INDEX(ImgA,$B30-ImgA_y0+1+25,E$7-ImgA_x0+1+25),Disco)/SUM(Disco) -> 93.633831 | F30: =SUMPRODUCT(INDEX(ImgA,$B30-ImgA_y0+1-25,F$7-ImgA_x0+1-25):INDEX(ImgA,$B30-ImgA_y0+1+25,F$7-ImgA_x0+1+25),Disco)/SUM(Disco) -> 95.484577 | G30: =SUMPRODUCT(INDEX(ImgA,$B30-ImgA_y0+1-25,G$7-ImgA_x0+1-25):INDEX(ImgA,$B30-ImgA_y0+1+25,G$7-ImgA_x0+1+25),Disco)/SUM(Disco) -> 96.99801 | H30: =SUMPRODUCT(INDEX(ImgA,$B30-ImgA_y0+1-25,H$7-ImgA_x0+1-25):INDEX(ImgA,$B30-ImgA_y0+1+25,H$7-ImgA_x0+1+25),Disco)/SUM(Disco) -> 98.747264 | I30: =SUMPRODUCT(INDEX(ImgA,$B30-ImgA_y0+1-25,I$7-ImgA_x0+1-25):INDEX(ImgA,$B30-ImgA_y0+1+25,I$7-ImgA_x0+1+25),Disco)/SUM(Disco) -> 100.32537 | J30: =SUMPRODUCT(INDEX(ImgA,$B30-ImgA_y0+1-25,J$7-ImgA_x0+1-25):INDEX(ImgA,$B30-ImgA_y0+1+25,J$7-ImgA_x0+1+25),Disco)/SUM(Disco) -> 102.47861 | ... BN30: =SUMPRODUCT(INDEX(ImgA,$B30-ImgA_y0+1-25,BN$7-ImgA_x0+1-25):INDEX(ImgA,$B30-ImgA_y0+1+25,BN$7-ImgA_x0+1+25),Disco)/SUM(Disco) -> 100.37711
B31: 93 | C31: =SUMPRODUCT(INDEX(ImgA,$B31-ImgA_y0+1-25,C$7-ImgA_x0+1-25):INDEX(ImgA,$B31-ImgA_y0+1+25,C$7-ImgA_x0+1+25),Disco)/SUM(Disco) -> 88.428856 | D31: =SUMPRODUCT(INDEX(ImgA,$B31-ImgA_y0+1-25,D$7-ImgA_x0+1-25):INDEX(ImgA,$B31-ImgA_y0+1+25,D$7-ImgA_x0+1+25),Disco)/SUM(Disco) -> 90.4199 | E31: =SUMPRODUCT(INDEX(ImgA,$B31-ImgA_y0+1-25,E$7-ImgA_x0+1-25):INDEX(ImgA,$B31-ImgA_y0+1+25,E$7-ImgA_x0+1+25),Disco)/SUM(Disco) -> 92.119403 | F31: =SUMPRODUCT(INDEX(ImgA,$B31-ImgA_y0+1-25,F$7-ImgA_x0+1-25):INDEX(ImgA,$B31-ImgA_y0+1+25,F$7-ImgA_x0+1+25),Disco)/SUM(Disco) -> 93.455721 | G31: =SUMPRODUCT(INDEX(ImgA,$B31-ImgA_y0+1-25,G$7-ImgA_x0+1-25):INDEX(ImgA,$B31-ImgA_y0+1+25,G$7-ImgA_x0+1+25),Disco)/SUM(Disco) -> 94.721393 | H31: =SUMPRODUCT(INDEX(ImgA,$B31-ImgA_y0+1-25,H$7-ImgA_x0+1-25):INDEX(ImgA,$B31-ImgA_y0+1+25,H$7-ImgA_x0+1+25),Disco)/SUM(Disco) -> 96.288557 | I31: =SUMPRODUCT(INDEX(ImgA,$B31-ImgA_y0+1-25,I$7-ImgA_x0+1-25):INDEX(ImgA,$B31-ImgA_y0+1+25,I$7-ImgA_x0+1+25),Disco)/SUM(Disco) -> 97.753234 | J31: =SUMPRODUCT(INDEX(ImgA,$B31-ImgA_y0+1-25,J$7-ImgA_x0+1-25):INDEX(ImgA,$B31-ImgA_y0+1+25,J$7-ImgA_x0+1+25),Disco)/SUM(Disco) -> 99.572139 | ... BN31: =SUMPRODUCT(INDEX(ImgA,$B31-ImgA_y0+1-25,BN$7-ImgA_x0+1-25):INDEX(ImgA,$B31-ImgA_y0+1+25,BN$7-ImgA_x0+1+25),Disco)/SUM(Disco) -> 100.89851
B32: 94 | C32: =SUMPRODUCT(INDEX(ImgA,$B32-ImgA_y0+1-25,C$7-ImgA_x0+1-25):INDEX(ImgA,$B32-ImgA_y0+1+25,C$7-ImgA_x0+1+25),Disco)/SUM(Disco) -> 87.127363 | D32: =SUMPRODUCT(INDEX(ImgA,$B32-ImgA_y0+1-25,D$7-ImgA_x0+1-25):INDEX(ImgA,$B32-ImgA_y0+1+25,D$7-ImgA_x0+1+25),Disco)/SUM(Disco) -> 88.941294 | E32: =SUMPRODUCT(INDEX(ImgA,$B32-ImgA_y0+1-25,E$7-ImgA_x0+1-25):INDEX(ImgA,$B32-ImgA_y0+1+25,E$7-ImgA_x0+1+25),Disco)/SUM(Disco) -> 90.593035 | F32: =SUMPRODUCT(INDEX(ImgA,$B32-ImgA_y0+1-25,F$7-ImgA_x0+1-25):INDEX(ImgA,$B32-ImgA_y0+1+25,F$7-ImgA_x0+1+25),Disco)/SUM(Disco) -> 91.987065 | G32: =SUMPRODUCT(INDEX(ImgA,$B32-ImgA_y0+1-25,G$7-ImgA_x0+1-25):INDEX(ImgA,$B32-ImgA_y0+1+25,G$7-ImgA_x0+1+25),Disco)/SUM(Disco) -> 92.98209 | H32: =SUMPRODUCT(INDEX(ImgA,$B32-ImgA_y0+1-25,H$7-ImgA_x0+1-25):INDEX(ImgA,$B32-ImgA_y0+1+25,H$7-ImgA_x0+1+25),Disco)/SUM(Disco) -> 94.018905 | I32: =SUMPRODUCT(INDEX(ImgA,$B32-ImgA_y0+1-25,I$7-ImgA_x0+1-25):INDEX(ImgA,$B32-ImgA_y0+1+25,I$7-ImgA_x0+1+25),Disco)/SUM(Disco) -> 95.412935 | J32: =SUMPRODUCT(INDEX(ImgA,$B32-ImgA_y0+1-25,J$7-ImgA_x0+1-25):INDEX(ImgA,$B32-ImgA_y0+1+25,J$7-ImgA_x0+1+25),Disco)/SUM(Disco) -> 96.968159 | ... BN32: =SUMPRODUCT(INDEX(ImgA,$B32-ImgA_y0+1-25,BN$7-ImgA_x0+1-25):INDEX(ImgA,$B32-ImgA_y0+1+25,BN$7-ImgA_x0+1+25),Disco)/SUM(Disco) -> 101.67164
B33: 95 | C33: =SUMPRODUCT(INDEX(ImgA,$B33-ImgA_y0+1-25,C$7-ImgA_x0+1-25):INDEX(ImgA,$B33-ImgA_y0+1+25,C$7-ImgA_x0+1+25),Disco)/SUM(Disco) -> 86.297512 | D33: =SUMPRODUCT(INDEX(ImgA,$B33-ImgA_y0+1-25,D$7-ImgA_x0+1-25):INDEX(ImgA,$B33-ImgA_y0+1+25,D$7-ImgA_x0+1+25),Disco)/SUM(Disco) -> 87.80995 | E33: =SUMPRODUCT(INDEX(ImgA,$B33-ImgA_y0+1-25,E$7-ImgA_x0+1-25):INDEX(ImgA,$B33-ImgA_y0+1+25,E$7-ImgA_x0+1+25),Disco)/SUM(Disco) -> 89.330348 | F33: =SUMPRODUCT(INDEX(ImgA,$B33-ImgA_y0+1-25,F$7-ImgA_x0+1-25):INDEX(ImgA,$B33-ImgA_y0+1+25,F$7-ImgA_x0+1+25),Disco)/SUM(Disco) -> 90.660697 | G33: =SUMPRODUCT(INDEX(ImgA,$B33-ImgA_y0+1-25,G$7-ImgA_x0+1-25):INDEX(ImgA,$B33-ImgA_y0+1+25,G$7-ImgA_x0+1+25),Disco)/SUM(Disco) -> 91.39602 | H33: =SUMPRODUCT(INDEX(ImgA,$B33-ImgA_y0+1-25,H$7-ImgA_x0+1-25):INDEX(ImgA,$B33-ImgA_y0+1+25,H$7-ImgA_x0+1+25),Disco)/SUM(Disco) -> 92.102488 | I33: =SUMPRODUCT(INDEX(ImgA,$B33-ImgA_y0+1-25,I$7-ImgA_x0+1-25):INDEX(ImgA,$B33-ImgA_y0+1+25,I$7-ImgA_x0+1+25),Disco)/SUM(Disco) -> 93.057711 | J33: =SUMPRODUCT(INDEX(ImgA,$B33-ImgA_y0+1-25,J$7-ImgA_x0+1-25):INDEX(ImgA,$B33-ImgA_y0+1+25,J$7-ImgA_x0+1+25),Disco)/SUM(Disco) -> 94.347264 | ... BN33: =SUMPRODUCT(INDEX(ImgA,$B33-ImgA_y0+1-25,BN$7-ImgA_x0+1-25):INDEX(ImgA,$B33-ImgA_y0+1+25,BN$7-ImgA_x0+1+25),Disco)/SUM(Disco) -> 102.34229
B34: 96 | C34: =SUMPRODUCT(INDEX(ImgA,$B34-ImgA_y0+1-25,C$7-ImgA_x0+1-25):INDEX(ImgA,$B34-ImgA_y0+1+25,C$7-ImgA_x0+1+25),Disco)/SUM(Disco) -> 85.767164 | D34: =SUMPRODUCT(INDEX(ImgA,$B34-ImgA_y0+1-25,D$7-ImgA_x0+1-25):INDEX(ImgA,$B34-ImgA_y0+1+25,D$7-ImgA_x0+1+25),Disco)/SUM(Disco) -> 86.955224 | E34: =SUMPRODUCT(INDEX(ImgA,$B34-ImgA_y0+1-25,E$7-ImgA_x0+1-25):INDEX(ImgA,$B34-ImgA_y0+1+25,E$7-ImgA_x0+1+25),Disco)/SUM(Disco) -> 88.400995 | F34: =SUMPRODUCT(INDEX(ImgA,$B34-ImgA_y0+1-25,F$7-ImgA_x0+1-25):INDEX(ImgA,$B34-ImgA_y0+1+25,F$7-ImgA_x0+1+25),Disco)/SUM(Disco) -> 89.477612 | G34: =SUMPRODUCT(INDEX(ImgA,$B34-ImgA_y0+1-25,G$7-ImgA_x0+1-25):INDEX(ImgA,$B34-ImgA_y0+1+25,G$7-ImgA_x0+1+25),Disco)/SUM(Disco) -> 90.075622 | H34: =SUMPRODUCT(INDEX(ImgA,$B34-ImgA_y0+1-25,H$7-ImgA_x0+1-25):INDEX(ImgA,$B34-ImgA_y0+1+25,H$7-ImgA_x0+1+25),Disco)/SUM(Disco) -> 90.497512 | I34: =SUMPRODUCT(INDEX(ImgA,$B34-ImgA_y0+1-25,I$7-ImgA_x0+1-25):INDEX(ImgA,$B34-ImgA_y0+1+25,I$7-ImgA_x0+1+25),Disco)/SUM(Disco) -> 91.101493 | J34: =SUMPRODUCT(INDEX(ImgA,$B34-ImgA_y0+1-25,J$7-ImgA_x0+1-25):INDEX(ImgA,$B34-ImgA_y0+1+25,J$7-ImgA_x0+1+25),Disco)/SUM(Disco) -> 92.268657 | ... BN34: =SUMPRODUCT(INDEX(ImgA,$B34-ImgA_y0+1-25,BN$7-ImgA_x0+1-25):INDEX(ImgA,$B34-ImgA_y0+1+25,BN$7-ImgA_x0+1+25),Disco)/SUM(Disco) -> 103.1403
B35: 97 | C35: =SUMPRODUCT(INDEX(ImgA,$B35-ImgA_y0+1-25,C$7-ImgA_x0+1-25):INDEX(ImgA,$B35-ImgA_y0+1+25,C$7-ImgA_x0+1+25),Disco)/SUM(Disco) -> 85.448756 | D35: =SUMPRODUCT(INDEX(ImgA,$B35-ImgA_y0+1-25,D$7-ImgA_x0+1-25):INDEX(ImgA,$B35-ImgA_y0+1+25,D$7-ImgA_x0+1+25),Disco)/SUM(Disco) -> 86.441791 | E35: =SUMPRODUCT(INDEX(ImgA,$B35-ImgA_y0+1-25,E$7-ImgA_x0+1-25):INDEX(ImgA,$B35-ImgA_y0+1+25,E$7-ImgA_x0+1+25),Disco)/SUM(Disco) -> 87.421891 | F35: =SUMPRODUCT(INDEX(ImgA,$B35-ImgA_y0+1-25,F$7-ImgA_x0+1-25):INDEX(ImgA,$B35-ImgA_y0+1+25,F$7-ImgA_x0+1+25),Disco)/SUM(Disco) -> 88.145274 | G35: =SUMPRODUCT(INDEX(ImgA,$B35-ImgA_y0+1-25,G$7-ImgA_x0+1-25):INDEX(ImgA,$B35-ImgA_y0+1+25,G$7-ImgA_x0+1+25),Disco)/SUM(Disco) -> 88.838806 | H35: =SUMPRODUCT(INDEX(ImgA,$B35-ImgA_y0+1-25,H$7-ImgA_x0+1-25):INDEX(ImgA,$B35-ImgA_y0+1+25,H$7-ImgA_x0+1+25),Disco)/SUM(Disco) -> 89.393035 | I35: =SUMPRODUCT(INDEX(ImgA,$B35-ImgA_y0+1-25,I$7-ImgA_x0+1-25):INDEX(ImgA,$B35-ImgA_y0+1+25,I$7-ImgA_x0+1+25),Disco)/SUM(Disco) -> 89.61194 | J35: =SUMPRODUCT(INDEX(ImgA,$B35-ImgA_y0+1-25,J$7-ImgA_x0+1-25):INDEX(ImgA,$B35-ImgA_y0+1+25,J$7-ImgA_x0+1+25),Disco)/SUM(Disco) -> 90.114428 | ... BN35: =SUMPRODUCT(INDEX(ImgA,$B35-ImgA_y0+1-25,BN$7-ImgA_x0+1-25):INDEX(ImgA,$B35-ImgA_y0+1+25,BN$7-ImgA_x0+1+25),Disco)/SUM(Disco) -> 103.81393
... B50: 112 | C50: =SUMPRODUCT(INDEX(ImgA,$B50-ImgA_y0+1-25,C$7-ImgA_x0+1-25):INDEX(ImgA,$B50-ImgA_y0+1+25,C$7-ImgA_x0+1+25),Disco)/SUM(Disco) -> 94.680597 | D50: =SUMPRODUCT(INDEX(ImgA,$B50-ImgA_y0+1-25,D$7-ImgA_x0+1-25):INDEX(ImgA,$B50-ImgA_y0+1+25,D$7-ImgA_x0+1+25),Disco)/SUM(Disco) -> 93.791045 | E50: =SUMPRODUCT(INDEX(ImgA,$B50-ImgA_y0+1-25,E$7-ImgA_x0+1-25):INDEX(ImgA,$B50-ImgA_y0+1+25,E$7-ImgA_x0+1+25),Disco)/SUM(Disco) -> 92.41194 | F50: =SUMPRODUCT(INDEX(ImgA,$B50-ImgA_y0+1-25,F$7-ImgA_x0+1-25):INDEX(ImgA,$B50-ImgA_y0+1+25,F$7-ImgA_x0+1+25),Disco)/SUM(Disco) -> 91.092537 | G50: =SUMPRODUCT(INDEX(ImgA,$B50-ImgA_y0+1-25,G$7-ImgA_x0+1-25):INDEX(ImgA,$B50-ImgA_y0+1+25,G$7-ImgA_x0+1+25),Disco)/SUM(Disco) -> 89.568159 | H50: =SUMPRODUCT(INDEX(ImgA,$B50-ImgA_y0+1-25,H$7-ImgA_x0+1-25):INDEX(ImgA,$B50-ImgA_y0+1+25,H$7-ImgA_x0+1+25),Disco)/SUM(Disco) -> 87.862687 | I50: =SUMPRODUCT(INDEX(ImgA,$B50-ImgA_y0+1-25,I$7-ImgA_x0+1-25):INDEX(ImgA,$B50-ImgA_y0+1+25,I$7-ImgA_x0+1+25),Disco)/SUM(Disco) -> 86.128358 | J50: =SUMPRODUCT(INDEX(ImgA,$B50-ImgA_y0+1-25,J$7-ImgA_x0+1-25):INDEX(ImgA,$B50-ImgA_y0+1+25,J$7-ImgA_x0+1+25),Disco)/SUM(Disco) -> 84.874627 | ... BN50: =SUMPRODUCT(INDEX(ImgA,$B50-ImgA_y0+1-25,BN$7-ImgA_x0+1-25):INDEX(ImgA,$B50-ImgA_y0+1+25,BN$7-ImgA_x0+1+25),Disco)/SUM(Disco) -> 110.09652
C53: μ_anillo
C54: 166 | D54: 167 | E54: 168 | F54: 169 | G54: 170 | H54: 171 | I54: 172 | J54: 173 | K54: 174 | L54: 175 | M54: 176 | N54: 177 | O54: 178 | P54: 179 | Q54: 180 | R54: 181 | S54: 182 | T54: 183 | U54: 184 | V54: 185 | W54: 186 | X54: 187 | Y54: 188 | Z54: 189 | AA54: 190 | AB54: 191 | AC54: 192 | AD54: 193 | AE54: 194 | AF54: 195 | AG54: 196 | AH54: 197 | AI54: 198 | AJ54: 199 | AK54: 200 | AL54: 201 | AM54: 202 | AN54: 203 | AO54: 204 | AP54: 205 | AQ54: 206 | AR54: 207 | AS54: 208 | AT54: 209 | AU54: 210 | AV54: 211 | AW54: 212 | AX54: 213 | AY54: 214 | AZ54: 215 | BA54: 216 | BB54: 217 | BC54: 218 | BD54: 219 | BE54: 220 | BF54: 221 | BG54: 222 | BH54: 223 | BI54: 224 | BJ54: 225 | BK54: 226 | BL54: 227 | BM54: 228 | BN54: 229
B55: 70 | C55: =SUMPRODUCT(INDEX(ImgA,$B55-ImgA_y0+1-25,C$54-ImgA_x0+1-25):INDEX(ImgA,$B55-ImgA_y0+1+25,C$54-ImgA_x0+1+25),Anillo)/SUM(Anillo) -> 87.550761 | D55: =SUMPRODUCT(INDEX(ImgA,$B55-ImgA_y0+1-25,D$54-ImgA_x0+1-25):INDEX(ImgA,$B55-ImgA_y0+1+25,D$54-ImgA_x0+1+25),Anillo)/SUM(Anillo) -> 84.189086 | E55: =SUMPRODUCT(INDEX(ImgA,$B55-ImgA_y0+1-25,E$54-ImgA_x0+1-25):INDEX(ImgA,$B55-ImgA_y0+1+25,E$54-ImgA_x0+1+25),Anillo)/SUM(Anillo) -> 80.236041 | F55: =SUMPRODUCT(INDEX(ImgA,$B55-ImgA_y0+1-25,F$54-ImgA_x0+1-25):INDEX(ImgA,$B55-ImgA_y0+1+25,F$54-ImgA_x0+1+25),Anillo)/SUM(Anillo) -> 76.817259 | G55: =SUMPRODUCT(INDEX(ImgA,$B55-ImgA_y0+1-25,G$54-ImgA_x0+1-25):INDEX(ImgA,$B55-ImgA_y0+1+25,G$54-ImgA_x0+1+25),Anillo)/SUM(Anillo) -> 73.520305 | H55: =SUMPRODUCT(INDEX(ImgA,$B55-ImgA_y0+1-25,H$54-ImgA_x0+1-25):INDEX(ImgA,$B55-ImgA_y0+1+25,H$54-ImgA_x0+1+25),Anillo)/SUM(Anillo) -> 71.609137 | I55: =SUMPRODUCT(INDEX(ImgA,$B55-ImgA_y0+1-25,I$54-ImgA_x0+1-25):INDEX(ImgA,$B55-ImgA_y0+1+25,I$54-ImgA_x0+1+25),Anillo)/SUM(Anillo) -> 71.378173 | J55: =SUMPRODUCT(INDEX(ImgA,$B55-ImgA_y0+1-25,J$54-ImgA_x0+1-25):INDEX(ImgA,$B55-ImgA_y0+1+25,J$54-ImgA_x0+1+25),Anillo)/SUM(Anillo) -> 70.964467 | ... BN55: =SUMPRODUCT(INDEX(ImgA,$B55-ImgA_y0+1-25,BN$54-ImgA_x0+1-25):INDEX(ImgA,$B55-ImgA_y0+1+25,BN$54-ImgA_x0+1+25),Anillo)/SUM(Anillo) -> 128.99746
B56: 71 | C56: =SUMPRODUCT(INDEX(ImgA,$B56-ImgA_y0+1-25,C$54-ImgA_x0+1-25):INDEX(ImgA,$B56-ImgA_y0+1+25,C$54-ImgA_x0+1+25),Anillo)/SUM(Anillo) -> 83.757614 | D56: =SUMPRODUCT(INDEX(ImgA,$B56-ImgA_y0+1-25,D$54-ImgA_x0+1-25):INDEX(ImgA,$B56-ImgA_y0+1+25,D$54-ImgA_x0+1+25),Anillo)/SUM(Anillo) -> 80.530457 | E56: =SUMPRODUCT(INDEX(ImgA,$B56-ImgA_y0+1-25,E$54-ImgA_x0+1-25):INDEX(ImgA,$B56-ImgA_y0+1+25,E$54-ImgA_x0+1+25),Anillo)/SUM(Anillo) -> 77.46066 | F56: =SUMPRODUCT(INDEX(ImgA,$B56-ImgA_y0+1-25,F$54-ImgA_x0+1-25):INDEX(ImgA,$B56-ImgA_y0+1+25,F$54-ImgA_x0+1+25),Anillo)/SUM(Anillo) -> 74.700508 | G56: =SUMPRODUCT(INDEX(ImgA,$B56-ImgA_y0+1-25,G$54-ImgA_x0+1-25):INDEX(ImgA,$B56-ImgA_y0+1+25,G$54-ImgA_x0+1+25),Anillo)/SUM(Anillo) -> 71.633249 | H56: =SUMPRODUCT(INDEX(ImgA,$B56-ImgA_y0+1-25,H$54-ImgA_x0+1-25):INDEX(ImgA,$B56-ImgA_y0+1+25,H$54-ImgA_x0+1+25),Anillo)/SUM(Anillo) -> 68.601523 | I56: =SUMPRODUCT(INDEX(ImgA,$B56-ImgA_y0+1-25,I$54-ImgA_x0+1-25):INDEX(ImgA,$B56-ImgA_y0+1+25,I$54-ImgA_x0+1+25),Anillo)/SUM(Anillo) -> 67.492386 | J56: =SUMPRODUCT(INDEX(ImgA,$B56-ImgA_y0+1-25,J$54-ImgA_x0+1-25):INDEX(ImgA,$B56-ImgA_y0+1+25,J$54-ImgA_x0+1+25),Anillo)/SUM(Anillo) -> 67.546954 | ... BN56: =SUMPRODUCT(INDEX(ImgA,$B56-ImgA_y0+1-25,BN$54-ImgA_x0+1-25):INDEX(ImgA,$B56-ImgA_y0+1+25,BN$54-ImgA_x0+1+25),Anillo)/SUM(Anillo) -> 129.62563
B57: 72 | C57: =SUMPRODUCT(INDEX(ImgA,$B57-ImgA_y0+1-25,C$54-ImgA_x0+1-25):INDEX(ImgA,$B57-ImgA_y0+1+25,C$54-ImgA_x0+1+25),Anillo)/SUM(Anillo) -> 80.431472 | D57: =SUMPRODUCT(INDEX(ImgA,$B57-ImgA_y0+1-25,D$54-ImgA_x0+1-25):INDEX(ImgA,$B57-ImgA_y0+1+25,D$54-ImgA_x0+1+25),Anillo)/SUM(Anillo) -> 77.927665 | E57: =SUMPRODUCT(INDEX(ImgA,$B57-ImgA_y0+1-25,E$54-ImgA_x0+1-25):INDEX(ImgA,$B57-ImgA_y0+1+25,E$54-ImgA_x0+1+25),Anillo)/SUM(Anillo) -> 76.057107 | F57: =SUMPRODUCT(INDEX(ImgA,$B57-ImgA_y0+1-25,F$54-ImgA_x0+1-25):INDEX(ImgA,$B57-ImgA_y0+1+25,F$54-ImgA_x0+1+25),Anillo)/SUM(Anillo) -> 72.902284 | G57: =SUMPRODUCT(INDEX(ImgA,$B57-ImgA_y0+1-25,G$54-ImgA_x0+1-25):INDEX(ImgA,$B57-ImgA_y0+1+25,G$54-ImgA_x0+1+25),Anillo)/SUM(Anillo) -> 69.110406 | H57: =SUMPRODUCT(INDEX(ImgA,$B57-ImgA_y0+1-25,H$54-ImgA_x0+1-25):INDEX(ImgA,$B57-ImgA_y0+1+25,H$54-ImgA_x0+1+25),Anillo)/SUM(Anillo) -> 65.926396 | I57: =SUMPRODUCT(INDEX(ImgA,$B57-ImgA_y0+1-25,I$54-ImgA_x0+1-25):INDEX(ImgA,$B57-ImgA_y0+1+25,I$54-ImgA_x0+1+25),Anillo)/SUM(Anillo) -> 64.950508 | J57: =SUMPRODUCT(INDEX(ImgA,$B57-ImgA_y0+1-25,J$54-ImgA_x0+1-25):INDEX(ImgA,$B57-ImgA_y0+1+25,J$54-ImgA_x0+1+25),Anillo)/SUM(Anillo) -> 65.17132 | ... BN57: =SUMPRODUCT(INDEX(ImgA,$B57-ImgA_y0+1-25,BN$54-ImgA_x0+1-25):INDEX(ImgA,$B57-ImgA_y0+1+25,BN$54-ImgA_x0+1+25),Anillo)/SUM(Anillo) -> 129.79569
B58: 73 | C58: =SUMPRODUCT(INDEX(ImgA,$B58-ImgA_y0+1-25,C$54-ImgA_x0+1-25):INDEX(ImgA,$B58-ImgA_y0+1+25,C$54-ImgA_x0+1+25),Anillo)/SUM(Anillo) -> 78.346447 | D58: =SUMPRODUCT(INDEX(ImgA,$B58-ImgA_y0+1-25,D$54-ImgA_x0+1-25):INDEX(ImgA,$B58-ImgA_y0+1+25,D$54-ImgA_x0+1+25),Anillo)/SUM(Anillo) -> 76.280457 | E58: =SUMPRODUCT(INDEX(ImgA,$B58-ImgA_y0+1-25,E$54-ImgA_x0+1-25):INDEX(ImgA,$B58-ImgA_y0+1+25,E$54-ImgA_x0+1+25),Anillo)/SUM(Anillo) -> 74.322335 | F58: =SUMPRODUCT(INDEX(ImgA,$B58-ImgA_y0+1-25,F$54-ImgA_x0+1-25):INDEX(ImgA,$B58-ImgA_y0+1+25,F$54-ImgA_x0+1+25),Anillo)/SUM(Anillo) -> 71.277919 | G58: =SUMPRODUCT(INDEX(ImgA,$B58-ImgA_y0+1-25,G$54-ImgA_x0+1-25):INDEX(ImgA,$B58-ImgA_y0+1+25,G$54-ImgA_x0+1+25),Anillo)/SUM(Anillo) -> 67.656091 | H58: =SUMPRODUCT(INDEX(ImgA,$B58-ImgA_y0+1-25,H$54-ImgA_x0+1-25):INDEX(ImgA,$B58-ImgA_y0+1+25,H$54-ImgA_x0+1+25),Anillo)/SUM(Anillo) -> 65.067259 | I58: =SUMPRODUCT(INDEX(ImgA,$B58-ImgA_y0+1-25,I$54-ImgA_x0+1-25):INDEX(ImgA,$B58-ImgA_y0+1+25,I$54-ImgA_x0+1+25),Anillo)/SUM(Anillo) -> 63.807107 | J58: =SUMPRODUCT(INDEX(ImgA,$B58-ImgA_y0+1-25,J$54-ImgA_x0+1-25):INDEX(ImgA,$B58-ImgA_y0+1+25,J$54-ImgA_x0+1+25),Anillo)/SUM(Anillo) -> 63.847716 | ... BN58: =SUMPRODUCT(INDEX(ImgA,$B58-ImgA_y0+1-25,BN$54-ImgA_x0+1-25):INDEX(ImgA,$B58-ImgA_y0+1+25,BN$54-ImgA_x0+1+25),Anillo)/SUM(Anillo) -> 129.96954
B59: 74 | C59: =SUMPRODUCT(INDEX(ImgA,$B59-ImgA_y0+1-25,C$54-ImgA_x0+1-25):INDEX(ImgA,$B59-ImgA_y0+1+25,C$54-ImgA_x0+1+25),Anillo)/SUM(Anillo) -> 77.885787 | D59: =SUMPRODUCT(INDEX(ImgA,$B59-ImgA_y0+1-25,D$54-ImgA_x0+1-25):INDEX(ImgA,$B59-ImgA_y0+1+25,D$54-ImgA_x0+1+25),Anillo)/SUM(Anillo) -> 75.597716 | E59: =SUMPRODUCT(INDEX(ImgA,$B59-ImgA_y0+1-25,E$54-ImgA_x0+1-25):INDEX(ImgA,$B59-ImgA_y0+1+25,E$54-ImgA_x0+1+25),Anillo)/SUM(Anillo) -> 72.643401 | F59: =SUMPRODUCT(INDEX(ImgA,$B59-ImgA_y0+1-25,F$54-ImgA_x0+1-25):INDEX(ImgA,$B59-ImgA_y0+1+25,F$54-ImgA_x0+1+25),Anillo)/SUM(Anillo) -> 69.738579 | G59: =SUMPRODUCT(INDEX(ImgA,$B59-ImgA_y0+1-25,G$54-ImgA_x0+1-25):INDEX(ImgA,$B59-ImgA_y0+1+25,G$54-ImgA_x0+1+25),Anillo)/SUM(Anillo) -> 67.017766 | H59: =SUMPRODUCT(INDEX(ImgA,$B59-ImgA_y0+1-25,H$54-ImgA_x0+1-25):INDEX(ImgA,$B59-ImgA_y0+1+25,H$54-ImgA_x0+1+25),Anillo)/SUM(Anillo) -> 65.095178 | I59: =SUMPRODUCT(INDEX(ImgA,$B59-ImgA_y0+1-25,I$54-ImgA_x0+1-25):INDEX(ImgA,$B59-ImgA_y0+1+25,I$54-ImgA_x0+1+25),Anillo)/SUM(Anillo) -> 63.835025 | J59: =SUMPRODUCT(INDEX(ImgA,$B59-ImgA_y0+1-25,J$54-ImgA_x0+1-25):INDEX(ImgA,$B59-ImgA_y0+1+25,J$54-ImgA_x0+1+25),Anillo)/SUM(Anillo) -> 63.19797 | ... BN59: =SUMPRODUCT(INDEX(ImgA,$B59-ImgA_y0+1-25,BN$54-ImgA_x0+1-25):INDEX(ImgA,$B59-ImgA_y0+1+25,BN$54-ImgA_x0+1+25),Anillo)/SUM(Anillo) -> 129.87944
B60: 75 | C60: =SUMPRODUCT(INDEX(ImgA,$B60-ImgA_y0+1-25,C$54-ImgA_x0+1-25):INDEX(ImgA,$B60-ImgA_y0+1+25,C$54-ImgA_x0+1+25),Anillo)/SUM(Anillo) -> 78.02665 | D60: =SUMPRODUCT(INDEX(ImgA,$B60-ImgA_y0+1-25,D$54-ImgA_x0+1-25):INDEX(ImgA,$B60-ImgA_y0+1+25,D$54-ImgA_x0+1+25),Anillo)/SUM(Anillo) -> 75.371827 | E60: =SUMPRODUCT(INDEX(ImgA,$B60-ImgA_y0+1-25,E$54-ImgA_x0+1-25):INDEX(ImgA,$B60-ImgA_y0+1+25,E$54-ImgA_x0+1+25),Anillo)/SUM(Anillo) -> 72.519036 | F60: =SUMPRODUCT(INDEX(ImgA,$B60-ImgA_y0+1-25,F$54-ImgA_x0+1-25):INDEX(ImgA,$B60-ImgA_y0+1+25,F$54-ImgA_x0+1+25),Anillo)/SUM(Anillo) -> 70.21066 | G60: =SUMPRODUCT(INDEX(ImgA,$B60-ImgA_y0+1-25,G$54-ImgA_x0+1-25):INDEX(ImgA,$B60-ImgA_y0+1+25,G$54-ImgA_x0+1+25),Anillo)/SUM(Anillo) -> 67.854061 | H60: =SUMPRODUCT(INDEX(ImgA,$B60-ImgA_y0+1-25,H$54-ImgA_x0+1-25):INDEX(ImgA,$B60-ImgA_y0+1+25,H$54-ImgA_x0+1+25),Anillo)/SUM(Anillo) -> 66.406091 | I60: =SUMPRODUCT(INDEX(ImgA,$B60-ImgA_y0+1-25,I$54-ImgA_x0+1-25):INDEX(ImgA,$B60-ImgA_y0+1+25,I$54-ImgA_x0+1+25),Anillo)/SUM(Anillo) -> 64.818528 | J60: =SUMPRODUCT(INDEX(ImgA,$B60-ImgA_y0+1-25,J$54-ImgA_x0+1-25):INDEX(ImgA,$B60-ImgA_y0+1+25,J$54-ImgA_x0+1+25),Anillo)/SUM(Anillo) -> 63.713198 | ... BN60: =SUMPRODUCT(INDEX(ImgA,$B60-ImgA_y0+1-25,BN$54-ImgA_x0+1-25):INDEX(ImgA,$B60-ImgA_y0+1+25,BN$54-ImgA_x0+1+25),Anillo)/SUM(Anillo) -> 128.81472
B61: 76 | C61: =SUMPRODUCT(INDEX(ImgA,$B61-ImgA_y0+1-25,C$54-ImgA_x0+1-25):INDEX(ImgA,$B61-ImgA_y0+1+25,C$54-ImgA_x0+1+25),Anillo)/SUM(Anillo) -> 78.563452 | D61: =SUMPRODUCT(INDEX(ImgA,$B61-ImgA_y0+1-25,D$54-ImgA_x0+1-25):INDEX(ImgA,$B61-ImgA_y0+1+25,D$54-ImgA_x0+1+25),Anillo)/SUM(Anillo) -> 75.903553 | E61: =SUMPRODUCT(INDEX(ImgA,$B61-ImgA_y0+1-25,E$54-ImgA_x0+1-25):INDEX(ImgA,$B61-ImgA_y0+1+25,E$54-ImgA_x0+1+25),Anillo)/SUM(Anillo) -> 73.647208 | F61: =SUMPRODUCT(INDEX(ImgA,$B61-ImgA_y0+1-25,F$54-ImgA_x0+1-25):INDEX(ImgA,$B61-ImgA_y0+1+25,F$54-ImgA_x0+1+25),Anillo)/SUM(Anillo) -> 71.782995 | G61: =SUMPRODUCT(INDEX(ImgA,$B61-ImgA_y0+1-25,G$54-ImgA_x0+1-25):INDEX(ImgA,$B61-ImgA_y0+1+25,G$54-ImgA_x0+1+25),Anillo)/SUM(Anillo) -> 69.595178 | H61: =SUMPRODUCT(INDEX(ImgA,$B61-ImgA_y0+1-25,H$54-ImgA_x0+1-25):INDEX(ImgA,$B61-ImgA_y0+1+25,H$54-ImgA_x0+1+25),Anillo)/SUM(Anillo) -> 67.532995 | I61: =SUMPRODUCT(INDEX(ImgA,$B61-ImgA_y0+1-25,I$54-ImgA_x0+1-25):INDEX(ImgA,$B61-ImgA_y0+1+25,I$54-ImgA_x0+1+25),Anillo)/SUM(Anillo) -> 65.620558 | J61: =SUMPRODUCT(INDEX(ImgA,$B61-ImgA_y0+1-25,J$54-ImgA_x0+1-25):INDEX(ImgA,$B61-ImgA_y0+1+25,J$54-ImgA_x0+1+25),Anillo)/SUM(Anillo) -> 64.385787 | ... BN61: =SUMPRODUCT(INDEX(ImgA,$B61-ImgA_y0+1-25,BN$54-ImgA_x0+1-25):INDEX(ImgA,$B61-ImgA_y0+1+25,BN$54-ImgA_x0+1+25),Anillo)/SUM(Anillo) -> 127.15482
B62: 77 | C62: =SUMPRODUCT(INDEX(ImgA,$B62-ImgA_y0+1-25,C$54-ImgA_x0+1-25):INDEX(ImgA,$B62-ImgA_y0+1+25,C$54-ImgA_x0+1+25),Anillo)/SUM(Anillo) -> 78.964467 | D62: =SUMPRODUCT(INDEX(ImgA,$B62-ImgA_y0+1-25,D$54-ImgA_x0+1-25):INDEX(ImgA,$B62-ImgA_y0+1+25,D$54-ImgA_x0+1+25),Anillo)/SUM(Anillo) -> 76.652284 | E62: =SUMPRODUCT(INDEX(ImgA,$B62-ImgA_y0+1-25,E$54-ImgA_x0+1-25):INDEX(ImgA,$B62-ImgA_y0+1+25,E$54-ImgA_x0+1+25),Anillo)/SUM(Anillo) -> 75.064721 | F62: =SUMPRODUCT(INDEX(ImgA,$B62-ImgA_y0+1-25,F$54-ImgA_x0+1-25):INDEX(ImgA,$B62-ImgA_y0+1+25,F$54-ImgA_x0+1+25),Anillo)/SUM(Anillo) -> 72.958122 | G62: =SUMPRODUCT(INDEX(ImgA,$B62-ImgA_y0+1-25,G$54-ImgA_x0+1-25):INDEX(ImgA,$B62-ImgA_y0+1+25,G$54-ImgA_x0+1+25),Anillo)/SUM(Anillo) -> 70.703046 | H62: =SUMPRODUCT(INDEX(ImgA,$B62-ImgA_y0+1-25,H$54-ImgA_x0+1-25):INDEX(ImgA,$B62-ImgA_y0+1+25,H$54-ImgA_x0+1+25),Anillo)/SUM(Anillo) -> 68.15736 | I62: =SUMPRODUCT(INDEX(ImgA,$B62-ImgA_y0+1-25,I$54-ImgA_x0+1-25):INDEX(ImgA,$B62-ImgA_y0+1+25,I$54-ImgA_x0+1+25),Anillo)/SUM(Anillo) -> 66.062183 | J62: =SUMPRODUCT(INDEX(ImgA,$B62-ImgA_y0+1-25,J$54-ImgA_x0+1-25):INDEX(ImgA,$B62-ImgA_y0+1+25,J$54-ImgA_x0+1+25),Anillo)/SUM(Anillo) -> 65.270305 | ... BN62: =SUMPRODUCT(INDEX(ImgA,$B62-ImgA_y0+1-25,BN$54-ImgA_x0+1-25):INDEX(ImgA,$B62-ImgA_y0+1+25,BN$54-ImgA_x0+1+25),Anillo)/SUM(Anillo) -> 124.30457
B63: 78 | C63: =SUMPRODUCT(INDEX(ImgA,$B63-ImgA_y0+1-25,C$54-ImgA_x0+1-25):INDEX(ImgA,$B63-ImgA_y0+1+25,C$54-ImgA_x0+1+25),Anillo)/SUM(Anillo) -> 79.751269 | D63: =SUMPRODUCT(INDEX(ImgA,$B63-ImgA_y0+1-25,D$54-ImgA_x0+1-25):INDEX(ImgA,$B63-ImgA_y0+1+25,D$54-ImgA_x0+1+25),Anillo)/SUM(Anillo) -> 77.442893 | E63: =SUMPRODUCT(INDEX(ImgA,$B63-ImgA_y0+1-25,E$54-ImgA_x0+1-25):INDEX(ImgA,$B63-ImgA_y0+1+25,E$54-ImgA_x0+1+25),Anillo)/SUM(Anillo) -> 75.930203 | F63: =SUMPRODUCT(INDEX(ImgA,$B63-ImgA_y0+1-25,F$54-ImgA_x0+1-25):INDEX(ImgA,$B63-ImgA_y0+1+25,F$54-ImgA_x0+1+25),Anillo)/SUM(Anillo) -> 74.05203 | G63: =SUMPRODUCT(INDEX(ImgA,$B63-ImgA_y0+1-25,G$54-ImgA_x0+1-25):INDEX(ImgA,$B63-ImgA_y0+1+25,G$54-ImgA_x0+1+25),Anillo)/SUM(Anillo) -> 71.56599 | H63: =SUMPRODUCT(INDEX(ImgA,$B63-ImgA_y0+1-25,H$54-ImgA_x0+1-25):INDEX(ImgA,$B63-ImgA_y0+1+25,H$54-ImgA_x0+1+25),Anillo)/SUM(Anillo) -> 69.041878 | I63: =SUMPRODUCT(INDEX(ImgA,$B63-ImgA_y0+1-25,I$54-ImgA_x0+1-25):INDEX(ImgA,$B63-ImgA_y0+1+25,I$54-ImgA_x0+1+25),Anillo)/SUM(Anillo) -> 67.112944 | J63: =SUMPRODUCT(INDEX(ImgA,$B63-ImgA_y0+1-25,J$54-ImgA_x0+1-25):INDEX(ImgA,$B63-ImgA_y0+1+25,J$54-ImgA_x0+1+25),Anillo)/SUM(Anillo) -> 66.086294 | ... BN63: =SUMPRODUCT(INDEX(ImgA,$B63-ImgA_y0+1-25,BN$54-ImgA_x0+1-25):INDEX(ImgA,$B63-ImgA_y0+1+25,BN$54-ImgA_x0+1+25),Anillo)/SUM(Anillo) -> 120.37563
B64: 79 | C64: =SUMPRODUCT(INDEX(ImgA,$B64-ImgA_y0+1-25,C$54-ImgA_x0+1-25):INDEX(ImgA,$B64-ImgA_y0+1+25,C$54-ImgA_x0+1+25),Anillo)/SUM(Anillo) -> 80.401015 | D64: =SUMPRODUCT(INDEX(ImgA,$B64-ImgA_y0+1-25,D$54-ImgA_x0+1-25):INDEX(ImgA,$B64-ImgA_y0+1+25,D$54-ImgA_x0+1+25),Anillo)/SUM(Anillo) -> 77.854061 | E64: =SUMPRODUCT(INDEX(ImgA,$B64-ImgA_y0+1-25,E$54-ImgA_x0+1-25):INDEX(ImgA,$B64-ImgA_y0+1+25,E$54-ImgA_x0+1+25),Anillo)/SUM(Anillo) -> 76.190355 | F64: =SUMPRODUCT(INDEX(ImgA,$B64-ImgA_y0+1-25,F$54-ImgA_x0+1-25):INDEX(ImgA,$B64-ImgA_y0+1+25,F$54-ImgA_x0+1+25),Anillo)/SUM(Anillo) -> 74.359137 | G64: =SUMPRODUCT(INDEX(ImgA,$B64-ImgA_y0+1-25,G$54-ImgA_x0+1-25):INDEX(ImgA,$B64-ImgA_y0+1+25,G$54-ImgA_x0+1+25),Anillo)/SUM(Anillo) -> 72.318528 | H64: =SUMPRODUCT(INDEX(ImgA,$B64-ImgA_y0+1-25,H$54-ImgA_x0+1-25):INDEX(ImgA,$B64-ImgA_y0+1+25,H$54-ImgA_x0+1+25),Anillo)/SUM(Anillo) -> 70.23731 | I64: =SUMPRODUCT(INDEX(ImgA,$B64-ImgA_y0+1-25,I$54-ImgA_x0+1-25):INDEX(ImgA,$B64-ImgA_y0+1+25,I$54-ImgA_x0+1+25),Anillo)/SUM(Anillo) -> 68.56599 | J64: =SUMPRODUCT(INDEX(ImgA,$B64-ImgA_y0+1-25,J$54-ImgA_x0+1-25):INDEX(ImgA,$B64-ImgA_y0+1+25,J$54-ImgA_x0+1+25),Anillo)/SUM(Anillo) -> 67.309645 | ... BN64: =SUMPRODUCT(INDEX(ImgA,$B64-ImgA_y0+1-25,BN$54-ImgA_x0+1-25):INDEX(ImgA,$B64-ImgA_y0+1+25,BN$54-ImgA_x0+1+25),Anillo)/SUM(Anillo) -> 116.82614
B65: 80 | C65: =SUMPRODUCT(INDEX(ImgA,$B65-ImgA_y0+1-25,C$54-ImgA_x0+1-25):INDEX(ImgA,$B65-ImgA_y0+1+25,C$54-ImgA_x0+1+25),Anillo)/SUM(Anillo) -> 80.772843 | D65: =SUMPRODUCT(INDEX(ImgA,$B65-ImgA_y0+1-25,D$54-ImgA_x0+1-25):INDEX(ImgA,$B65-ImgA_y0+1+25,D$54-ImgA_x0+1+25),Anillo)/SUM(Anillo) -> 78.672589 | E65: =SUMPRODUCT(INDEX(ImgA,$B65-ImgA_y0+1-25,E$54-ImgA_x0+1-25):INDEX(ImgA,$B65-ImgA_y0+1+25,E$54-ImgA_x0+1+25),Anillo)/SUM(Anillo) -> 76.767766 | F65: =SUMPRODUCT(INDEX(ImgA,$B65-ImgA_y0+1-25,F$54-ImgA_x0+1-25):INDEX(ImgA,$B65-ImgA_y0+1+25,F$54-ImgA_x0+1+25),Anillo)/SUM(Anillo) -> 74.667513 | G65: =SUMPRODUCT(INDEX(ImgA,$B65-ImgA_y0+1-25,G$54-ImgA_x0+1-25):INDEX(ImgA,$B65-ImgA_y0+1+25,G$54-ImgA_x0+1+25),Anillo)/SUM(Anillo) -> 73.035533 | H65: =SUMPRODUCT(INDEX(ImgA,$B65-ImgA_y0+1-25,H$54-ImgA_x0+1-25):INDEX(ImgA,$B65-ImgA_y0+1+25,H$54-ImgA_x0+1+25),Anillo)/SUM(Anillo) -> 71.305838 | I65: =SUMPRODUCT(INDEX(ImgA,$B65-ImgA_y0+1-25,I$54-ImgA_x0+1-25):INDEX(ImgA,$B65-ImgA_y0+1+25,I$54-ImgA_x0+1+25),Anillo)/SUM(Anillo) -> 69.706853 | J65: =SUMPRODUCT(INDEX(ImgA,$B65-ImgA_y0+1-25,J$54-ImgA_x0+1-25):INDEX(ImgA,$B65-ImgA_y0+1+25,J$54-ImgA_x0+1+25),Anillo)/SUM(Anillo) -> 68.412437 | ... BN65: =SUMPRODUCT(INDEX(ImgA,$B65-ImgA_y0+1-25,BN$54-ImgA_x0+1-25):INDEX(ImgA,$B65-ImgA_y0+1+25,BN$54-ImgA_x0+1+25),Anillo)/SUM(Anillo) -> 113.52919
B66: 81 | C66: =SUMPRODUCT(INDEX(ImgA,$B66-ImgA_y0+1-25,C$54-ImgA_x0+1-25):INDEX(ImgA,$B66-ImgA_y0+1+25,C$54-ImgA_x0+1+25),Anillo)/SUM(Anillo) -> 81.607868 | D66: =SUMPRODUCT(INDEX(ImgA,$B66-ImgA_y0+1-25,D$54-ImgA_x0+1-25):INDEX(ImgA,$B66-ImgA_y0+1+25,D$54-ImgA_x0+1+25),Anillo)/SUM(Anillo) -> 79.125635 | E66: =SUMPRODUCT(INDEX(ImgA,$B66-ImgA_y0+1-25,E$54-ImgA_x0+1-25):INDEX(ImgA,$B66-ImgA_y0+1+25,E$54-ImgA_x0+1+25),Anillo)/SUM(Anillo) -> 76.854061 | F66: =SUMPRODUCT(INDEX(ImgA,$B66-ImgA_y0+1-25,F$54-ImgA_x0+1-25):INDEX(ImgA,$B66-ImgA_y0+1+25,F$54-ImgA_x0+1+25),Anillo)/SUM(Anillo) -> 74.946701 | G66: =SUMPRODUCT(INDEX(ImgA,$B66-ImgA_y0+1-25,G$54-ImgA_x0+1-25):INDEX(ImgA,$B66-ImgA_y0+1+25,G$54-ImgA_x0+1+25),Anillo)/SUM(Anillo) -> 73.559645 | H66: =SUMPRODUCT(INDEX(ImgA,$B66-ImgA_y0+1-25,H$54-ImgA_x0+1-25):INDEX(ImgA,$B66-ImgA_y0+1+25,H$54-ImgA_x0+1+25),Anillo)/SUM(Anillo) -> 71.741117 | I66: =SUMPRODUCT(INDEX(ImgA,$B66-ImgA_y0+1-25,I$54-ImgA_x0+1-25):INDEX(ImgA,$B66-ImgA_y0+1+25,I$54-ImgA_x0+1+25),Anillo)/SUM(Anillo) -> 70.623096 | J66: =SUMPRODUCT(INDEX(ImgA,$B66-ImgA_y0+1-25,J$54-ImgA_x0+1-25):INDEX(ImgA,$B66-ImgA_y0+1+25,J$54-ImgA_x0+1+25),Anillo)/SUM(Anillo) -> 69.752538 | ... BN66: =SUMPRODUCT(INDEX(ImgA,$B66-ImgA_y0+1-25,BN$54-ImgA_x0+1-25):INDEX(ImgA,$B66-ImgA_y0+1+25,BN$54-ImgA_x0+1+25),Anillo)/SUM(Anillo) -> 110.56853
... B97: 112 | C97: =SUMPRODUCT(INDEX(ImgA,$B97-ImgA_y0+1-25,C$54-ImgA_x0+1-25):INDEX(ImgA,$B97-ImgA_y0+1+25,C$54-ImgA_x0+1+25),Anillo)/SUM(Anillo) -> 84.015228 | D97: =SUMPRODUCT(INDEX(ImgA,$B97-ImgA_y0+1-25,D$54-ImgA_x0+1-25):INDEX(ImgA,$B97-ImgA_y0+1+25,D$54-ImgA_x0+1+25),Anillo)/SUM(Anillo) -> 85.918782 | E97: =SUMPRODUCT(INDEX(ImgA,$B97-ImgA_y0+1-25,E$54-ImgA_x0+1-25):INDEX(ImgA,$B97-ImgA_y0+1+25,E$54-ImgA_x0+1+25),Anillo)/SUM(Anillo) -> 88.640863 | F97: =SUMPRODUCT(INDEX(ImgA,$B97-ImgA_y0+1-25,F$54-ImgA_x0+1-25):INDEX(ImgA,$B97-ImgA_y0+1+25,F$54-ImgA_x0+1+25),Anillo)/SUM(Anillo) -> 91.057107 | G97: =SUMPRODUCT(INDEX(ImgA,$B97-ImgA_y0+1-25,G$54-ImgA_x0+1-25):INDEX(ImgA,$B97-ImgA_y0+1+25,G$54-ImgA_x0+1+25),Anillo)/SUM(Anillo) -> 93.27665 | H97: =SUMPRODUCT(INDEX(ImgA,$B97-ImgA_y0+1-25,H$54-ImgA_x0+1-25):INDEX(ImgA,$B97-ImgA_y0+1+25,H$54-ImgA_x0+1+25),Anillo)/SUM(Anillo) -> 94.703046 | I97: =SUMPRODUCT(INDEX(ImgA,$B97-ImgA_y0+1-25,I$54-ImgA_x0+1-25):INDEX(ImgA,$B97-ImgA_y0+1+25,I$54-ImgA_x0+1+25),Anillo)/SUM(Anillo) -> 96.464467 | J97: =SUMPRODUCT(INDEX(ImgA,$B97-ImgA_y0+1-25,J$54-ImgA_x0+1-25):INDEX(ImgA,$B97-ImgA_y0+1+25,J$54-ImgA_x0+1+25),Anillo)/SUM(Anillo) -> 96.979695 | ... BN97: =SUMPRODUCT(INDEX(ImgA,$B97-ImgA_y0+1-25,BN$54-ImgA_x0+1-25):INDEX(ImgA,$B97-ImgA_y0+1+25,BN$54-ImgA_x0+1+25),Anillo)/SUM(Anillo) -> 89.115482
C100: R = (μ_disco − μ_anillo) · compuerta
C101: 166 | D101: 167 | E101: 168 | F101: 169 | G101: 170 | H101: 171 | I101: 172 | J101: 173 | K101: 174 | L101: 175 | M101: 176 | N101: 177 | O101: 178 | P101: 179 | Q101: 180 | R101: 181 | S101: 182 | T101: 183 | U101: 184 | V101: 185 | W101: 186 | X101: 187 | Y101: 188 | Z101: 189 | AA101: 190 | AB101: 191 | AC101: 192 | AD101: 193 | AE101: 194 | AF101: 195 | AG101: 196 | AH101: 197 | AI101: 198 | AJ101: 199 | AK101: 200 | AL101: 201 | AM101: 202 | AN101: 203 | AO101: 204 | AP101: 205 | AQ101: 206 | AR101: 207 | AS101: 208 | AT101: 209 | AU101: 210 | AV101: 211 | AW101: 212 | AX101: 213 | AY101: 214 | AZ101: 215 | BA101: 216 | BB101: 217 | BC101: 218 | BD101: 219 | BE101: 220 | BF101: 221 | BG101: 222 | BH101: 223 | BI101: 224 | BJ101: 225 | BK101: 226 | BL101: 227 | BM101: 228 | BN101: 229
B102: 70 | C102: =INT(MIN(255,MAX(0,(C8-C55)*MIN(1,MAX(0,(Gmax-C55)/Gmax))))) -> 0 | D102: =INT(MIN(255,MAX(0,(D8-D55)*MIN(1,MAX(0,(Gmax-D55)/Gmax))))) -> 0 | E102: =INT(MIN(255,MAX(0,(E8-E55)*MIN(1,MAX(0,(Gmax-E55)/Gmax))))) -> 0 | F102: =INT(MIN(255,MAX(0,(F8-F55)*MIN(1,MAX(0,(Gmax-F55)/Gmax))))) -> 1 | G102: =INT(MIN(255,MAX(0,(G8-G55)*MIN(1,MAX(0,(Gmax-G55)/Gmax))))) -> 3 | H102: =INT(MIN(255,MAX(0,(H8-H55)*MIN(1,MAX(0,(Gmax-H55)/Gmax))))) -> 4 | I102: =INT(MIN(255,MAX(0,(I8-I55)*MIN(1,MAX(0,(Gmax-I55)/Gmax))))) -> 5 | J102: =INT(MIN(255,MAX(0,(J8-J55)*MIN(1,MAX(0,(Gmax-J55)/Gmax))))) -> 6 | ... BN102: =INT(MIN(255,MAX(0,(BN8-BN55)*MIN(1,MAX(0,(Gmax-BN55)/Gmax))))) -> 0
B103: 71 | C103: =INT(MIN(255,MAX(0,(C9-C56)*MIN(1,MAX(0,(Gmax-C56)/Gmax))))) -> 0 | D103: =INT(MIN(255,MAX(0,(D9-D56)*MIN(1,MAX(0,(Gmax-D56)/Gmax))))) -> 0 | E103: =INT(MIN(255,MAX(0,(E9-E56)*MIN(1,MAX(0,(Gmax-E56)/Gmax))))) -> 1 | F103: =INT(MIN(255,MAX(0,(F9-F56)*MIN(1,MAX(0,(Gmax-F56)/Gmax))))) -> 2 | G103: =INT(MIN(255,MAX(0,(G9-G56)*MIN(1,MAX(0,(Gmax-G56)/Gmax))))) -> 4 | H103: =INT(MIN(255,MAX(0,(H9-H56)*MIN(1,MAX(0,(Gmax-H56)/Gmax))))) -> 7 | I103: =INT(MIN(255,MAX(0,(I9-I56)*MIN(1,MAX(0,(Gmax-I56)/Gmax))))) -> 8 | J103: =INT(MIN(255,MAX(0,(J9-J56)*MIN(1,MAX(0,(Gmax-J56)/Gmax))))) -> 9 | ... BN103: =INT(MIN(255,MAX(0,(BN9-BN56)*MIN(1,MAX(0,(Gmax-BN56)/Gmax))))) -> 0
B104: 72 | C104: =INT(MIN(255,MAX(0,(C10-C57)*MIN(1,MAX(0,(Gmax-C57)/Gmax))))) -> 0 | D104: =INT(MIN(255,MAX(0,(D10-D57)*MIN(1,MAX(0,(Gmax-D57)/Gmax))))) -> 0 | E104: =INT(MIN(255,MAX(0,(E10-E57)*MIN(1,MAX(0,(Gmax-E57)/Gmax))))) -> 2 | F104: =INT(MIN(255,MAX(0,(F10-F57)*MIN(1,MAX(0,(Gmax-F57)/Gmax))))) -> 4 | G104: =INT(MIN(255,MAX(0,(G10-G57)*MIN(1,MAX(0,(Gmax-G57)/Gmax))))) -> 7 | H104: =INT(MIN(255,MAX(0,(H10-H57)*MIN(1,MAX(0,(Gmax-H57)/Gmax))))) -> 10 | I104: =INT(MIN(255,MAX(0,(I10-I57)*MIN(1,MAX(0,(Gmax-I57)/Gmax))))) -> 11 | J104: =INT(MIN(255,MAX(0,(J10-J57)*MIN(1,MAX(0,(Gmax-J57)/Gmax))))) -> 12 | ... BN104: =INT(MIN(255,MAX(0,(BN10-BN57)*MIN(1,MAX(0,(Gmax-BN57)/Gmax))))) -> 0
B105: 73 | C105: =INT(MIN(255,MAX(0,(C11-C58)*MIN(1,MAX(0,(Gmax-C58)/Gmax))))) -> 0 | D105: =INT(MIN(255,MAX(0,(D11-D58)*MIN(1,MAX(0,(Gmax-D58)/Gmax))))) -> 1 | E105: =INT(MIN(255,MAX(0,(E11-E58)*MIN(1,MAX(0,(Gmax-E58)/Gmax))))) -> 3 | F105: =INT(MIN(255,MAX(0,(F11-F58)*MIN(1,MAX(0,(Gmax-F58)/Gmax))))) -> 5 | G105: =INT(MIN(255,MAX(0,(G11-G58)*MIN(1,MAX(0,(Gmax-G58)/Gmax))))) -> 8 | H105: =INT(MIN(255,MAX(0,(H11-H58)*MIN(1,MAX(0,(Gmax-H58)/Gmax))))) -> 11 | I105: =INT(MIN(255,MAX(0,(I11-I58)*MIN(1,MAX(0,(Gmax-I58)/Gmax))))) -> 13 | J105: =INT(MIN(255,MAX(0,(J11-J58)*MIN(1,MAX(0,(Gmax-J58)/Gmax))))) -> 14 | ... BN105: =INT(MIN(255,MAX(0,(BN11-BN58)*MIN(1,MAX(0,(Gmax-BN58)/Gmax))))) -> 0
B106: 74 | C106: =INT(MIN(255,MAX(0,(C12-C59)*MIN(1,MAX(0,(Gmax-C59)/Gmax))))) -> 1 | D106: =INT(MIN(255,MAX(0,(D12-D59)*MIN(1,MAX(0,(Gmax-D59)/Gmax))))) -> 2 | E106: =INT(MIN(255,MAX(0,(E12-E59)*MIN(1,MAX(0,(Gmax-E59)/Gmax))))) -> 4 | F106: =INT(MIN(255,MAX(0,(F12-F59)*MIN(1,MAX(0,(Gmax-F59)/Gmax))))) -> 7 | G106: =INT(MIN(255,MAX(0,(G12-G59)*MIN(1,MAX(0,(Gmax-G59)/Gmax))))) -> 10 | H106: =INT(MIN(255,MAX(0,(H12-H59)*MIN(1,MAX(0,(Gmax-H59)/Gmax))))) -> 12 | I106: =INT(MIN(255,MAX(0,(I12-I59)*MIN(1,MAX(0,(Gmax-I59)/Gmax))))) -> 14 | J106: =INT(MIN(255,MAX(0,(J12-J59)*MIN(1,MAX(0,(Gmax-J59)/Gmax))))) -> 15 | ... BN106: =INT(MIN(255,MAX(0,(BN12-BN59)*MIN(1,MAX(0,(Gmax-BN59)/Gmax))))) -> 0
B107: 75 | C107: =INT(MIN(255,MAX(0,(C13-C60)*MIN(1,MAX(0,(Gmax-C60)/Gmax))))) -> 1 | D107: =INT(MIN(255,MAX(0,(D13-D60)*MIN(1,MAX(0,(Gmax-D60)/Gmax))))) -> 3 | E107: =INT(MIN(255,MAX(0,(E13-E60)*MIN(1,MAX(0,(Gmax-E60)/Gmax))))) -> 5 | F107: =INT(MIN(255,MAX(0,(F13-F60)*MIN(1,MAX(0,(Gmax-F60)/Gmax))))) -> 7 | G107: =INT(MIN(255,MAX(0,(G13-G60)*MIN(1,MAX(0,(Gmax-G60)/Gmax))))) -> 10 | H107: =INT(MIN(255,MAX(0,(H13-H60)*MIN(1,MAX(0,(Gmax-H60)/Gmax))))) -> 12 | I107: =INT(MIN(255,MAX(0,(I13-I60)*MIN(1,MAX(0,(Gmax-I60)/Gmax))))) -> 14 | J107: =INT(MIN(255,MAX(0,(J13-J60)*MIN(1,MAX(0,(Gmax-J60)/Gmax))))) -> 16 | ... BN107: =INT(MIN(255,MAX(0,(BN13-BN60)*MIN(1,MAX(0,(Gmax-BN60)/Gmax))))) -> 0
B108: 76 | C108: =INT(MIN(255,MAX(0,(C14-C61)*MIN(1,MAX(0,(Gmax-C61)/Gmax))))) -> 1 | D108: =INT(MIN(255,MAX(0,(D14-D61)*MIN(1,MAX(0,(Gmax-D61)/Gmax))))) -> 3 | E108: =INT(MIN(255,MAX(0,(E14-E61)*MIN(1,MAX(0,(Gmax-E61)/Gmax))))) -> 5 | F108: =INT(MIN(255,MAX(0,(F14-F61)*MIN(1,MAX(0,(Gmax-F61)/Gmax))))) -> 7 | G108: =INT(MIN(255,MAX(0,(G14-G61)*MIN(1,MAX(0,(Gmax-G61)/Gmax))))) -> 9 | H108: =INT(MIN(255,MAX(0,(H14-H61)*MIN(1,MAX(0,(Gmax-H61)/Gmax))))) -> 11 | I108: =INT(MIN(255,MAX(0,(I14-I61)*MIN(1,MAX(0,(Gmax-I61)/Gmax))))) -> 14 | J108: =INT(MIN(255,MAX(0,(J14-J61)*MIN(1,MAX(0,(Gmax-J61)/Gmax))))) -> 16 | ... BN108: =INT(MIN(255,MAX(0,(BN14-BN61)*MIN(1,MAX(0,(Gmax-BN61)/Gmax))))) -> 0
B109: 77 | C109: =INT(MIN(255,MAX(0,(C15-C62)*MIN(1,MAX(0,(Gmax-C62)/Gmax))))) -> 1 | D109: =INT(MIN(255,MAX(0,(D15-D62)*MIN(1,MAX(0,(Gmax-D62)/Gmax))))) -> 3 | E109: =INT(MIN(255,MAX(0,(E15-E62)*MIN(1,MAX(0,(Gmax-E62)/Gmax))))) -> 5 | F109: =INT(MIN(255,MAX(0,(F15-F62)*MIN(1,MAX(0,(Gmax-F62)/Gmax))))) -> 7 | G109: =INT(MIN(255,MAX(0,(G15-G62)*MIN(1,MAX(0,(Gmax-G62)/Gmax))))) -> 9 | H109: =INT(MIN(255,MAX(0,(H15-H62)*MIN(1,MAX(0,(Gmax-H62)/Gmax))))) -> 12 | I109: =INT(MIN(255,MAX(0,(I15-I62)*MIN(1,MAX(0,(Gmax-I62)/Gmax))))) -> 14 | J109: =INT(MIN(255,MAX(0,(J15-J62)*MIN(1,MAX(0,(Gmax-J62)/Gmax))))) -> 16 | ... BN109: =INT(MIN(255,MAX(0,(BN15-BN62)*MIN(1,MAX(0,(Gmax-BN62)/Gmax))))) -> 0
B110: 78 | C110: =INT(MIN(255,MAX(0,(C16-C63)*MIN(1,MAX(0,(Gmax-C63)/Gmax))))) -> 2 | D110: =INT(MIN(255,MAX(0,(D16-D63)*MIN(1,MAX(0,(Gmax-D63)/Gmax))))) -> 3 | E110: =INT(MIN(255,MAX(0,(E16-E63)*MIN(1,MAX(0,(Gmax-E63)/Gmax))))) -> 5 | F110: =INT(MIN(255,MAX(0,(F16-F63)*MIN(1,MAX(0,(Gmax-F63)/Gmax))))) -> 6 | G110: =INT(MIN(255,MAX(0,(G16-G63)*MIN(1,MAX(0,(Gmax-G63)/Gmax))))) -> 9 | H110: =INT(MIN(255,MAX(0,(H16-H63)*MIN(1,MAX(0,(Gmax-H63)/Gmax))))) -> 12 | I110: =INT(MIN(255,MAX(0,(I16-I63)*MIN(1,MAX(0,(Gmax-I63)/Gmax))))) -> 14 | J110: =INT(MIN(255,MAX(0,(J16-J63)*MIN(1,MAX(0,(Gmax-J63)/Gmax))))) -> 16 | ... BN110: =INT(MIN(255,MAX(0,(BN16-BN63)*MIN(1,MAX(0,(Gmax-BN63)/Gmax))))) -> 0
B111: 79 | C111: =INT(MIN(255,MAX(0,(C17-C64)*MIN(1,MAX(0,(Gmax-C64)/Gmax))))) -> 2 | D111: =INT(MIN(255,MAX(0,(D17-D64)*MIN(1,MAX(0,(Gmax-D64)/Gmax))))) -> 3 | E111: =INT(MIN(255,MAX(0,(E17-E64)*MIN(1,MAX(0,(Gmax-E64)/Gmax))))) -> 5 | F111: =INT(MIN(255,MAX(0,(F17-F64)*MIN(1,MAX(0,(Gmax-F64)/Gmax))))) -> 7 | G111: =INT(MIN(255,MAX(0,(G17-G64)*MIN(1,MAX(0,(Gmax-G64)/Gmax))))) -> 9 | H111: =INT(MIN(255,MAX(0,(H17-H64)*MIN(1,MAX(0,(Gmax-H64)/Gmax))))) -> 11 | I111: =INT(MIN(255,MAX(0,(I17-I64)*MIN(1,MAX(0,(Gmax-I64)/Gmax))))) -> 13 | J111: =INT(MIN(255,MAX(0,(J17-J64)*MIN(1,MAX(0,(Gmax-J64)/Gmax))))) -> 15 | ... BN111: =INT(MIN(255,MAX(0,(BN17-BN64)*MIN(1,MAX(0,(Gmax-BN64)/Gmax))))) -> 0
B112: 80 | C112: =INT(MIN(255,MAX(0,(C18-C65)*MIN(1,MAX(0,(Gmax-C65)/Gmax))))) -> 2 | D112: =INT(MIN(255,MAX(0,(D18-D65)*MIN(1,MAX(0,(Gmax-D65)/Gmax))))) -> 3 | E112: =INT(MIN(255,MAX(0,(E18-E65)*MIN(1,MAX(0,(Gmax-E65)/Gmax))))) -> 5 | F112: =INT(MIN(255,MAX(0,(F18-F65)*MIN(1,MAX(0,(Gmax-F65)/Gmax))))) -> 7 | G112: =INT(MIN(255,MAX(0,(G18-G65)*MIN(1,MAX(0,(Gmax-G65)/Gmax))))) -> 9 | H112: =INT(MIN(255,MAX(0,(H18-H65)*MIN(1,MAX(0,(Gmax-H65)/Gmax))))) -> 11 | I112: =INT(MIN(255,MAX(0,(I18-I65)*MIN(1,MAX(0,(Gmax-I65)/Gmax))))) -> 13 | J112: =INT(MIN(255,MAX(0,(J18-J65)*MIN(1,MAX(0,(Gmax-J65)/Gmax))))) -> 15 | ... BN112: =INT(MIN(255,MAX(0,(BN18-BN65)*MIN(1,MAX(0,(Gmax-BN65)/Gmax))))) -> 0
B113: 81 | C113: =INT(MIN(255,MAX(0,(C19-C66)*MIN(1,MAX(0,(Gmax-C66)/Gmax))))) -> 1 | D113: =INT(MIN(255,MAX(0,(D19-D66)*MIN(1,MAX(0,(Gmax-D66)/Gmax))))) -> 3 | E113: =INT(MIN(255,MAX(0,(E19-E66)*MIN(1,MAX(0,(Gmax-E66)/Gmax))))) -> 5 | F113: =INT(MIN(255,MAX(0,(F19-F66)*MIN(1,MAX(0,(Gmax-F66)/Gmax))))) -> 7 | G113: =INT(MIN(255,MAX(0,(G19-G66)*MIN(1,MAX(0,(Gmax-G66)/Gmax))))) -> 9 | H113: =INT(MIN(255,MAX(0,(H19-H66)*MIN(1,MAX(0,(Gmax-H66)/Gmax))))) -> 11 | I113: =INT(MIN(255,MAX(0,(I19-I66)*MIN(1,MAX(0,(Gmax-I66)/Gmax))))) -> 13 | J113: =INT(MIN(255,MAX(0,(J19-J66)*MIN(1,MAX(0,(Gmax-J66)/Gmax))))) -> 14 | ... BN113: =INT(MIN(255,MAX(0,(BN19-BN66)*MIN(1,MAX(0,(Gmax-BN66)/Gmax))))) -> 0
... B144: 112 | C144: =INT(MIN(255,MAX(0,(C50-C97)*MIN(1,MAX(0,(Gmax-C97)/Gmax))))) -> 2 | D144: =INT(MIN(255,MAX(0,(D50-D97)*MIN(1,MAX(0,(Gmax-D97)/Gmax))))) -> 1 | E144: =INT(MIN(255,MAX(0,(E50-E97)*MIN(1,MAX(0,(Gmax-E97)/Gmax))))) -> 0 | F144: =INT(MIN(255,MAX(0,(F50-F97)*MIN(1,MAX(0,(Gmax-F97)/Gmax))))) -> 0 | G144: =INT(MIN(255,MAX(0,(G50-G97)*MIN(1,MAX(0,(Gmax-G97)/Gmax))))) -> 0 | H144: =INT(MIN(255,MAX(0,(H50-H97)*MIN(1,MAX(0,(Gmax-H97)/Gmax))))) -> 0 | I144: =INT(MIN(255,MAX(0,(I50-I97)*MIN(1,MAX(0,(Gmax-I97)/Gmax))))) -> 0 | J144: =INT(MIN(255,MAX(0,(J50-J97)*MIN(1,MAX(0,(Gmax-J97)/Gmax))))) -> 0 | ... BN144: =INT(MIN(255,MAX(0,(BN50-BN97)*MIN(1,MAX(0,(Gmax-BN97)/Gmax))))) -> 3
C147: auxiliar: x de cada celda
C148: 166 | D148: 167 | E148: 168 | F148: 169 | G148: 170 | H148: 171 | I148: 172 | J148: 173 | K148: 174 | L148: 175 | M148: 176 | N148: 177 | O148: 178 | P148: 179 | Q148: 180 | R148: 181 | S148: 182 | T148: 183 | U148: 184 | V148: 185 | W148: 186 | X148: 187 | Y148: 188 | Z148: 189 | AA148: 190 | AB148: 191 | AC148: 192 | AD148: 193 | AE148: 194 | AF148: 195 | AG148: 196 | AH148: 197 | AI148: 198 | AJ148: 199 | AK148: 200 | AL148: 201 | AM148: 202 | AN148: 203 | AO148: 204 | AP148: 205 | AQ148: 206 | AR148: 207 | AS148: 208 | AT148: 209 | AU148: 210 | AV148: 211 | AW148: 212 | AX148: 213 | AY148: 214 | AZ148: 215 | BA148: 216 | BB148: 217 | BC148: 218 | BD148: 219 | BE148: 220 | BF148: 221 | BG148: 222 | BH148: 223 | BI148: 224 | BJ148: 225 | BK148: 226 | BL148: 227 | BM148: 228 | BN148: 229
B149: 70 | C149: =C$148 -> 166 | D149: =D$148 -> 167 | E149: =E$148 -> 168 | F149: =F$148 -> 169 | G149: =G$148 -> 170 | H149: =H$148 -> 171 | I149: =I$148 -> 172 | J149: =J$148 -> 173 | ... BN149: =BN$148 -> 229
B150: 71 | C150: =C$148 -> 166 | D150: =D$148 -> 167 | E150: =E$148 -> 168 | F150: =F$148 -> 169 | G150: =G$148 -> 170 | H150: =H$148 -> 171 | I150: =I$148 -> 172 | J150: =J$148 -> 173 | ... BN150: =BN$148 -> 229
B151: 72 | C151: =C$148 -> 166 | D151: =D$148 -> 167 | E151: =E$148 -> 168 | F151: =F$148 -> 169 | G151: =G$148 -> 170 | H151: =H$148 -> 171 | I151: =I$148 -> 172 | J151: =J$148 -> 173 | ... BN151: =BN$148 -> 229
B152: 73 | C152: =C$148 -> 166 | D152: =D$148 -> 167 | E152: =E$148 -> 168 | F152: =F$148 -> 169 | G152: =G$148 -> 170 | H152: =H$148 -> 171 | I152: =I$148 -> 172 | J152: =J$148 -> 173 | ... BN152: =BN$148 -> 229
B153: 74 | C153: =C$148 -> 166 | D153: =D$148 -> 167 | E153: =E$148 -> 168 | F153: =F$148 -> 169 | G153: =G$148 -> 170 | H153: =H$148 -> 171 | I153: =I$148 -> 172 | J153: =J$148 -> 173 | ... BN153: =BN$148 -> 229
B154: 75 | C154: =C$148 -> 166 | D154: =D$148 -> 167 | E154: =E$148 -> 168 | F154: =F$148 -> 169 | G154: =G$148 -> 170 | H154: =H$148 -> 171 | I154: =I$148 -> 172 | J154: =J$148 -> 173 | ... BN154: =BN$148 -> 229
B155: 76 | C155: =C$148 -> 166 | D155: =D$148 -> 167 | E155: =E$148 -> 168 | F155: =F$148 -> 169 | G155: =G$148 -> 170 | H155: =H$148 -> 171 | I155: =I$148 -> 172 | J155: =J$148 -> 173 | ... BN155: =BN$148 -> 229
B156: 77 | C156: =C$148 -> 166 | D156: =D$148 -> 167 | E156: =E$148 -> 168 | F156: =F$148 -> 169 | G156: =G$148 -> 170 | H156: =H$148 -> 171 | I156: =I$148 -> 172 | J156: =J$148 -> 173 | ... BN156: =BN$148 -> 229
B157: 78 | C157: =C$148 -> 166 | D157: =D$148 -> 167 | E157: =E$148 -> 168 | F157: =F$148 -> 169 | G157: =G$148 -> 170 | H157: =H$148 -> 171 | I157: =I$148 -> 172 | J157: =J$148 -> 173 | ... BN157: =BN$148 -> 229
B158: 79 | C158: =C$148 -> 166 | D158: =D$148 -> 167 | E158: =E$148 -> 168 | F158: =F$148 -> 169 | G158: =G$148 -> 170 | H158: =H$148 -> 171 | I158: =I$148 -> 172 | J158: =J$148 -> 173 | ... BN158: =BN$148 -> 229
B159: 80 | C159: =C$148 -> 166 | D159: =D$148 -> 167 | E159: =E$148 -> 168 | F159: =F$148 -> 169 | G159: =G$148 -> 170 | H159: =H$148 -> 171 | I159: =I$148 -> 172 | J159: =J$148 -> 173 | ... BN159: =BN$148 -> 229
B160: 81 | C160: =C$148 -> 166 | D160: =D$148 -> 167 | E160: =E$148 -> 168 | F160: =F$148 -> 169 | G160: =G$148 -> 170 | H160: =H$148 -> 171 | I160: =I$148 -> 172 | J160: =J$148 -> 173 | ... BN160: =BN$148 -> 229
... B191: 112 | C191: =C$148 -> 166 | D191: =D$148 -> 167 | E191: =E$148 -> 168 | F191: =F$148 -> 169 | G191: =G$148 -> 170 | H191: =H$148 -> 171 | I191: =I$148 -> 172 | J191: =J$148 -> 173 | ... BN191: =BN$148 -> 229
C194: auxiliar: y de cada celda
C195: 166 | D195: 167 | E195: 168 | F195: 169 | G195: 170 | H195: 171 | I195: 172 | J195: 173 | K195: 174 | L195: 175 | M195: 176 | N195: 177 | O195: 178 | P195: 179 | Q195: 180 | R195: 181 | S195: 182 | T195: 183 | U195: 184 | V195: 185 | W195: 186 | X195: 187 | Y195: 188 | Z195: 189 | AA195: 190 | AB195: 191 | AC195: 192 | AD195: 193 | AE195: 194 | AF195: 195 | AG195: 196 | AH195: 197 | AI195: 198 | AJ195: 199 | AK195: 200 | AL195: 201 | AM195: 202 | AN195: 203 | AO195: 204 | AP195: 205 | AQ195: 206 | AR195: 207 | AS195: 208 | AT195: 209 | AU195: 210 | AV195: 211 | AW195: 212 | AX195: 213 | AY195: 214 | AZ195: 215 | BA195: 216 | BB195: 217 | BC195: 218 | BD195: 219 | BE195: 220 | BF195: 221 | BG195: 222 | BH195: 223 | BI195: 224 | BJ195: 225 | BK195: 226 | BL195: 227 | BM195: 228 | BN195: 229
B196: 70 | C196: =$B196 -> 70 | D196: =$B196 -> 70 | E196: =$B196 -> 70 | F196: =$B196 -> 70 | G196: =$B196 -> 70 | H196: =$B196 -> 70 | I196: =$B196 -> 70 | J196: =$B196 -> 70 | ... BN196: =$B196 -> 70
B197: 71 | C197: =$B197 -> 71 | D197: =$B197 -> 71 | E197: =$B197 -> 71 | F197: =$B197 -> 71 | G197: =$B197 -> 71 | H197: =$B197 -> 71 | I197: =$B197 -> 71 | J197: =$B197 -> 71 | ... BN197: =$B197 -> 71
B198: 72 | C198: =$B198 -> 72 | D198: =$B198 -> 72 | E198: =$B198 -> 72 | F198: =$B198 -> 72 | G198: =$B198 -> 72 | H198: =$B198 -> 72 | I198: =$B198 -> 72 | J198: =$B198 -> 72 | ... BN198: =$B198 -> 72
B199: 73 | C199: =$B199 -> 73 | D199: =$B199 -> 73 | E199: =$B199 -> 73 | F199: =$B199 -> 73 | G199: =$B199 -> 73 | H199: =$B199 -> 73 | I199: =$B199 -> 73 | J199: =$B199 -> 73 | ... BN199: =$B199 -> 73
B200: 74 | C200: =$B200 -> 74 | D200: =$B200 -> 74 | E200: =$B200 -> 74 | F200: =$B200 -> 74 | G200: =$B200 -> 74 | H200: =$B200 -> 74 | I200: =$B200 -> 74 | J200: =$B200 -> 74 | ... BN200: =$B200 -> 74
B201: 75 | C201: =$B201 -> 75 | D201: =$B201 -> 75 | E201: =$B201 -> 75 | F201: =$B201 -> 75 | G201: =$B201 -> 75 | H201: =$B201 -> 75 | I201: =$B201 -> 75 | J201: =$B201 -> 75 | ... BN201: =$B201 -> 75
B202: 76 | C202: =$B202 -> 76 | D202: =$B202 -> 76 | E202: =$B202 -> 76 | F202: =$B202 -> 76 | G202: =$B202 -> 76 | H202: =$B202 -> 76 | I202: =$B202 -> 76 | J202: =$B202 -> 76 | ... BN202: =$B202 -> 76
B203: 77 | C203: =$B203 -> 77 | D203: =$B203 -> 77 | E203: =$B203 -> 77 | F203: =$B203 -> 77 | G203: =$B203 -> 77 | H203: =$B203 -> 77 | I203: =$B203 -> 77 | J203: =$B203 -> 77 | ... BN203: =$B203 -> 77
B204: 78 | C204: =$B204 -> 78 | D204: =$B204 -> 78 | E204: =$B204 -> 78 | F204: =$B204 -> 78 | G204: =$B204 -> 78 | H204: =$B204 -> 78 | I204: =$B204 -> 78 | J204: =$B204 -> 78 | ... BN204: =$B204 -> 78
B205: 79 | C205: =$B205 -> 79 | D205: =$B205 -> 79 | E205: =$B205 -> 79 | F205: =$B205 -> 79 | G205: =$B205 -> 79 | H205: =$B205 -> 79 | I205: =$B205 -> 79 | J205: =$B205 -> 79 | ... BN205: =$B205 -> 79
B206: 80 | C206: =$B206 -> 80 | D206: =$B206 -> 80 | E206: =$B206 -> 80 | F206: =$B206 -> 80 | G206: =$B206 -> 80 | H206: =$B206 -> 80 | I206: =$B206 -> 80 | J206: =$B206 -> 80 | ... BN206: =$B206 -> 80
B207: 81 | C207: =$B207 -> 81 | D207: =$B207 -> 81 | E207: =$B207 -> 81 | F207: =$B207 -> 81 | G207: =$B207 -> 81 | H207: =$B207 -> 81 | I207: =$B207 -> 81 | J207: =$B207 -> 81 | ... BN207: =$B207 -> 81
... B238: 112 | C238: =$B238 -> 112 | D238: =$B238 -> 112 | E238: =$B238 -> 112 | F238: =$B238 -> 112 | G238: =$B238 -> 112 | H238: =$B238 -> 112 | I238: =$B238 -> 112 | J238: =$B238 -> 112 | ... BN238: =$B238 -> 112

Sheet Img_completa
A1: Imagen gris a resolución completa — cuadro 6034
A2: x0 | B2: 300 | D2: y0 | E2: 112 | G2: Fila 3 = x (px), columna B = y (px). Valor = nivel de gris 0–255.
C3: 300 | D3: 301 | E3: 302 | F3: 303 | G3: 304 | H3: 305 | I3: 306 | J3: 307 | K3: 308 | L3: 309 | M3: 310 | N3: 311 | O3: 312 | P3: 313 | Q3: 314 | R3: 315 | S3: 316 | T3: 317 | U3: 318 | V3: 319 | W3: 320 | X3: 321 | Y3: 322 | Z3: 323 | AA3: 324 | AB3: 325 | AC3: 326 | AD3: 327 | AE3: 328 | AF3: 329 | AG3: 330 | AH3: 331 | AI3: 332 | AJ3: 333 | AK3: 334 | AL3: 335 | AM3: 336 | AN3: 337 | AO3: 338 | AP3: 339 | AQ3: 340 | AR3: 341 | AS3: 342 | AT3: 343 | AU3: 344 | AV3: 345 | AW3: 346 | AX3: 347 | AY3: 348 | AZ3: 349 | BA3: 350 | BB3: 351 | BC3: 352 | BD3: 353 | BE3: 354 | BF3: 355 | BG3: 356 | BH3: 357 | BI3: 358 | BJ3: 359 | BK3: 360 | BL3: 361 | BM3: 362 | BN3: 363 | BO3: 364 | BP3: 365 | BQ3: 366 | BR3: 367 | BS3: 368 | BT3: 369 | BU3: 370 | BV3: 371 | BW3: 372 | BX3: 373 | BY3: 374 | BZ3: 375 | CA3: 376 | CB3: 377 | CC3: 378 | CD3: 379 | CE3: 380 | CF3: 381 | CG3: 382 | CH3: 383 | CI3: 384 | CJ3: 385 | CK3: 386 | CL3: 387 | CM3: 388 | CN3: 389 | CO3: 390 | CP3: 391 | CQ3: 392 | CR3: 393 | CS3: 394 | CT3: 395 | CU3: 396 | CV3: 397 | CW3: 398 | CX3: 399 | CY3: 400 | CZ3: 401 | DA3: 402 | DB3: 403 | DC3: 404 | DD3: 405 | DE3: 406 | DF3: 407 | DG3: 408 | DH3: 409 | DI3: 410 | DJ3: 411 | DK3: 412 | DL3: 413 | DM3: 414 | DN3: 415 | DO3: 416 | DP3: 417 | DQ3: 418 | DR3: 419 | DS3: 420 | DT3: 421 | DU3: 422 | DV3: 423 | DW3: 424 | DX3: 425 | DY3: 426 | DZ3: 427 | EA3: 428 | EB3: 429 | EC3: 430 | ED3: 431 | EE3: 432 | EF3: 433 | EG3: 434 | EH3: 435 | EI3: 436 | EJ3: 437 | EK3: 438 | EL3: 439 | EM3: 440 | EN3: 441 | EO3: 442 | EP3: 443 | EQ3: 444 | ER3: 445 | ES3: 446 | ET3: 447 | EU3: 448 | EV3: 449 | EW3: 450 | EX3: 451 | EY3: 452 | EZ3: 453 | FA3: 454 | FB3: 455 | FC3: 456 | FD3: 457 | FE3: 458 | FF3: 459 | FG3: 460 | FH3: 461 | FI3: 462 | FJ3: 463 | FK3: 464 | FL3: 465 | FM3: 466 | FN3: 467 | FO3: 468 | FP3: 469 | FQ3: 470 | FR3: 471 | FS3: 472
B4: 112 | C4: 26 | D4: 12 | E4: 13 | F4: 16 | G4: 26 | H4: 30 | I4: 38 | J4: 124 | K4: 156 | L4: 129 | M4: 49 | N4: 17 | O4: 15 | P4: 17 | Q4: 17 | R4: 17 | S4: 18 | T4: 17 | U4: 16 | V4: 12 | W4: 11 | X4: 14 | Y4: 17 | Z4: 19 | AA4: 18 | AB4: 14 | AC4: 10 | AD4: 0 | AE4: 8 | AF4: 1 | AG4: 4 | AH4: 1 | AI4: 2 | AJ4: 1 | AK4: 12 | AL4: 1 | AM4: 35 | AN4: 157 | AO4: 182 | AP4: 203 | AQ4: 184 | AR4: 66 | AS4: 42 | AT4: 59 | AU4: 42 | AV4: 32 | AW4: 29 | AX4: 43 | AY4: 40 | AZ4: 32 | BA4: 45 | BB4: 46 | BC4: 49 | BD4: 40 | BE4: 35 | BF4: 35 | BG4: 33 | BH4: 33 | BI4: 37 | BJ4: 42 | BK4: 34 | BL4: 31 | BM4: 29 | BN4: 31 | BO4: 29 | BP4: 23 | BQ4: 23 | BR4: 22 | BS4: 16 | BT4: 22 | BU4: 18 | BV4: 17 | BW4: 15 | BX4: 17 | BY4: 16 | BZ4: 76 | CA4: 150 | CB4: 142 | CC4: 119 | CD4: 103 | CE4: 100 | CF4: 126 | CG4: 125 | CH4: 30 | CI4: 1 | CJ4: 15 | CK4: 23 | CL4: 12 | CM4: 11 | CN4: 22 | CO4: 35 | CP4: 45 | CQ4: 40 | CR4: 30 | CS4: 2 | CT4: 4 | CU4: 65 | CV4: 135 | CW4: 156 | CX4: 156 | CY4: 149 | CZ4: 138 | DA4: 129 | DB4: 126 | DC4: 113 | DD4: 94 | DE4: 128 | DF4: 205 | DG4: 213 | DH4: 236 | DI4: 251 | DJ4: 252 | DK4: 252 | DL4: 242 | DM4: 203 | DN4: 150 | DO4: 117 | DP4: 110 | DQ4: 128 | DR4: 143 | DS4: 142 | DT4: 114 | DU4: 87 | DV4: 189 | DW4: 254 | DX4: 254 | DY4: 251 | DZ4: 251 | EA4: 254 | EB4: 252 | EC4: 251 | ED4: 251 | EE4: 255 | EF4: 255 | EG4: 252 | EH4: 251 | EI4: 250 | EJ4: 251 | EK4: 252 | EL4: 255 | EM4: 247 | EN4: 248 | EO4: 245 | EP4: 243 | EQ4: 234 | ER4: 248 | ES4: 251 | ET4: 178 | EU4: 116 | EV4: 123 | EW4: 136 | EX4: 140 | EY4: 145 | EZ4: 130 | FA4: 89 | FB4: 46 | FC4: 38 | FD4: 49 | FE4: 56 | FF4: 46 | FG4: 21 | FH4: 12 | FI4: 18 | FJ4: 16 | FK4: 2 | FL4: 71 | FM4: 152 | FN4: 70 | FO4: 113 | FP4: 193 | FQ4: 182 | FR4: 172 | FS4: 178
B5: 113 | C5: 29 | D5: 23 | E5: 16 | F5: 16 | G5: 16 | H5: 8 | I5: 2 | J5: 51 | K5: 80 | L5: 56 | M5: 4 | N5: 14 | O5: 16 | P5: 18 | Q5: 18 | R5: 18 | S5: 19 | T5: 19 | U5: 18 | V5: 14 | W5: 16 | X5: 19 | Y5: 16 | Z5: 12 | AA5: 12 | AB5: 15 | AC5: 15 | AD5: 28 | AE5: 50 | AF5: 79 | AG5: 97 | AH5: 102 | AI5: 45 | AJ5: 2 | AK5: 19 | AL5: 1 | AM5: 77 | AN5: 221 | AO5: 247 | AP5: 241 | AQ5: 184 | AR5: 47 | AS5: 9 | AT5: 22 | AU5: 30 | AV5: 30 | AW5: 31 | AX5: 42 | AY5: 36 | AZ5: 31 | BA5: 44 | BB5: 45 | BC5: 52 | BD5: 44 | BE5: 39 | BF5: 38 | BG5: 40 | BH5: 43 | BI5: 42 | BJ5: 40 | BK5: 38 | BL5: 36 | BM5: 35 | BN5: 36 | BO5: 35 | BP5: 28 | BQ5: 24 | BR5: 24 | BS5: 21 | BT5: 24 | BU5: 22 | BV5: 21 | BW5: 18 | BX5: 13 | BY5: 9 | BZ5: 55 | CA5: 143 | CB5: 142 | CC5: 142 | CD5: 124 | CE5: 132 | CF5: 149 | CG5: 93 | CH5: 30 | CI5: 0 | CJ5: 4 | CK5: 14 | CL5: 16 | CM5: 18 | CN5: 17 | CO5: 19 | CP5: 33 | CQ5: 46 | CR5: 43 | CS5: 28 | CT5: 5 | CU5: 19 | CV5: 84 | CW5: 137 | CX5: 158 | CY5: 158 | CZ5: 149 | DA5: 133 | DB5: 121 | DC5: 107 | DD5: 102 | DE5: 157 | DF5: 160 | DG5: 166 | DH5: 180 | DI5: 198 | DJ5: 215 | DK5: 235 | DL5: 248 | DM5: 253 | DN5: 243 | DO5: 152 | DP5: 100 | DQ5: 121 | DR5: 144 | DS5: 138 | DT5: 102 | DU5: 85 | DV5: 209 | DW5: 254 | DX5: 252 | DY5: 250 | DZ5: 249 | EA5: 249 | EB5: 250 | EC5: 252 | ED5: 254 | EE5: 251 | EF5: 249 | EG5: 251 | EH5: 251 | EI5: 251 | EJ5: 252 | EK5: 251 | EL5: 251 | EM5: 241 | EN5: 250 | EO5: 251 | EP5: 240 | EQ5: 252 | ER5: 249 | ES5: 174 | ET5: 113 | EU5: 129 | EV5: 134 | EW5: 135 | EX5: 146 | EY5: 137 | EZ5: 103 | FA5: 61 | FB5: 39 | FC5: 46 | FD5: 53 | FE5: 51 | FF5: 33 | FG5: 17 | FH5: 19 | FI5: 21 | FJ5: 16 | FK5: 6 | FL5: 94 | FM5: 142 | FN5: 94 | FO5: 138 | FP5: 198 | FQ5: 187 | FR5: 171 | FS5: 182
B6: 114 | C6: 25 | D6: 19 | E6: 15 | F6: 18 | G6: 18 | H6: 13 | I6: 0 | J6: 0 | K6: 5 | L6: 3 | M6: 6 | N6: 15 | O6: 19 | P6: 20 | Q6: 19 | R6: 17 | S6: 16 | T6: 17 | U6: 18 | V6: 11 | W6: 12 | X6: 19 | Y6: 15 | Z6: 10 | AA6: 10 | AB6: 7 | AC6: 1 | AD6: 78 | AE6: 150 | AF6: 131 | AG6: 186 | AH6: 201 | AI6: 106 | AJ6: 11 | AK6: 8 | AL6: 2 | AM6: 9 | AN6: 95 | AO6: 146 | AP6: 130 | AQ6: 68 | AR6: 19 | AS6: 16 | AT6: 45 | AU6: 45 | AV6: 39 | AW6: 35 | AX6: 38 | AY6: 40 | AZ6: 42 | BA6: 49 | BB6: 46 | BC6: 52 | BD6: 44 | BE6: 38 | BF6: 39 | BG6: 42 | BH6: 46 | BI6: 44 | BJ6: 39 | BK6: 46 | BL6: 42 | BM6: 38 | BN6: 38 | BO6: 36 | BP6: 29 | BQ6: 26 | BR6: 31 | BS6: 23 | BT6: 26 | BU6: 25 | BV6: 24 | BW6: 20 | BX6: 13 | BY6: 3 | BZ6: 25 | CA6: 108 | CB6: 119 | CC6: 146 | CD6: 157 | CE6: 157 | CF6: 126 | CG6: 38 | CH6: 13 | CI6: 15 | CJ6: 12 | CK6: 12 | CL6: 15 | CM6: 14 | CN6: 9 | CO6: 11 | CP6: 23 | CQ6: 39 | CR6: 45 | CS6: 45 | CT6: 25 | CU6: 6 | CV6: 29 | CW6: 82 | CX6: 141 | CY6: 159 | CZ6: 143 | DA6: 137 | DB6: 117 | DC6: 96 | DD6: 122 | DE6: 202 | DF6: 172 | DG6: 142 | DH6: 150 | DI6: 152 | DJ6: 151 | DK6: 159 | DL6: 199 | DM6: 230 | DN6: 217 | DO6: 152 | DP6: 109 | DQ6: 128 | DR6: 145 | DS6: 141 | DT6: 94 | DU6: 107 | DV6: 228 | DW6: 252 | DX6: 252 | DY6: 251 | DZ6: 250 | EA6: 250 | EB6: 251 | EC6: 253 | ED6: 254 | EE6: 250 | EF6: 250 | EG6: 251 | EH6: 254 | EI6: 252 | EJ6: 250 | EK6: 250 | EL6: 248 | EM6: 252 | EN6: 253 | EO6: 245 | EP6: 244 | EQ6: 245 | ER6: 188 | ES6: 111 | ET6: 115 | EU6: 136 | EV6: 138 | EW6: 139 | EX6: 136 | EY6: 108 | EZ6: 71 | FA6: 47 | FB6: 49 | FC6: 57 | FD6: 51 | FE6: 31 | FF6: 17 | FG6: 19 | FH6: 22 | FI6: 19 | FJ6: 15 | FK6: 5 | FL6: 70 | FM6: 103 | FN6: 86 | FO6: 169 | FP6: 193 | FQ6: 158 | FR6: 160 | FS6: 157
B7: 115 | C7: 25 | D7: 18 | E7: 17 | F7: 24 | G7: 22 | H7: 24 | I7: 23 | J7: 13 | K7: 9 | L7: 11 | M7: 20 | N7: 17 | O7: 18 | P7: 18 | Q7: 17 | R7: 15 | S7: 13 | T7: 15 | U7: 15 | V7: 11 | W7: 10 | X7: 18 | Y7: 17 | Z7: 14 | AA7: 15 | AB7: 3 | AC7: 0 | AD7: 75 | AE7: 180 | AF7: 187 | AG7: 210 | AH7: 193 | AI7: 92 | AJ7: 15 | AK7: 18 | AL7: 18 | AM7: 5 | AN7: 4 | AO7: 25 | AP7: 23 | AQ7: 15 | AR7: 50 | AS7: 50 | AT7: 52 | AU7: 47 | AV7: 50 | AW7: 50 | AX7: 47 | AY7: 46 | AZ7: 46 | BA7: 47 | BB7: 46 | BC7: 49 | BD7: 42 | BE7: 37 | BF7: 37 | BG7: 40 | BH7: 50 | BI7: 51 | BJ7: 47 | BK7: 49 | BL7: 44 | BM7: 44 | BN7: 44 | BO7: 40 | BP7: 33 | BQ7: 31 | BR7: 31 | BS7: 28 | BT7: 28 | BU7: 25 | BV7: 23 | BW7: 23 | BX7: 19 | BY7: 6 | BZ7: 5 | CA7: 122 | CB7: 108 | CC7: 80 | CD7: 98 | CE7: 86 | CF7: 47 | CG7: 13 | CH7: 13 | CI7: 25 | CJ7: 18 | CK7: 17 | CL7: 19 | CM7: 17 | CN7: 12 | CO7: 12 | CP7: 16 | CQ7: 23 | CR7: 37 | CS7: 49 | CT7: 44 | CU7: 25 | CV7: 6 | CW7: 24 | CX7: 92 | CY7: 145 | CZ7: 155 | DA7: 139 | DB7: 121 | DC7: 88 | DD7: 138 | DE7: 203 | DF7: 186 | DG7: 145 | DH7: 146 | DI7: 148 | DJ7: 143 | DK7: 131 | DL7: 162 | DM7: 201 | DN7: 182 | DO7: 126 | DP7: 125 | DQ7: 135 | DR7: 149 | DS7: 136 | DT7: 92 | DU7: 143 | DV7: 247 | DW7: 252 | DX7: 253 | DY7: 252 | DZ7: 251 | EA7: 250 | EB7: 251 | EC7: 252 | ED7: 253 | EE7: 252 | EF7: 251 | EG7: 254 | EH7: 255 | EI7: 255 | EJ7: 250 | EK7: 249 | EL7: 244 | EM7: 250 | EN7: 251 | EO7: 236 | EP7: 217 | EQ7: 174 | ER7: 121 | ES7: 113 | ET7: 130 | EU7: 137 | EV7: 139 | EW7: 134 | EX7: 107 | EY7: 70 | EZ7: 51 | FA7: 50 | FB7: 58 | FC7: 56 | FD7: 43 | FE7: 17 | FF7: 9 | FG7: 17 | FH7: 22 | FI7: 19 | FJ7: 14 | FK7: 0 | FL7: 14 | FM7: 70 | FN7: 123 | FO7: 207 | FP7: 178 | FQ7: 164 | FR7: 166 | FS7: 171
B8: 116 | C8: 23 | D8: 23 | E8: 24 | F8: 25 | G8: 11 | H8: 12 | I8: 33 | J8: 40 | K8: 32 | L8: 33 | M8: 29 | N8: 19 | O8: 19 | P8: 18 | Q8: 19 | R8: 19 | S8: 16 | T8: 15 | U8: 15 | V8: 16 | W8: 17 | X8: 22 | Y8: 18 | Z8: 14 | AA8: 14 | AB8: 8 | AC8: 7 | AD8: 22 | AE8: 104 | AF8: 148 | AG8: 146 | AH8: 117 | AI8: 44 | AJ8: 12 | AK8: 10 | AL8: 11 | AM8: 23 | AN8: 39 | AO8: 42 | AP8: 46 | AQ8: 42 | AR8: 51 | AS8: 59 | AT8: 71 | AU8: 59 | AV8: 59 | AW8: 54 | AX8: 47 | AY8: 50 | AZ8: 54 | BA8: 54 | BB8: 53 | BC8: 46 | BD8: 43 | BE8: 39 | BF8: 39 | BG8: 39 | BH8: 43 | BI8: 46 | BJ8: 46 | BK8: 47 | BL8: 46 | BM8: 49 | BN8: 51 | BO8: 47 | BP8: 40 | BQ8: 35 | BR8: 30 | BS8: 32 | BT8: 28 | BU8: 22 | BV8: 22 | BW8: 23 | BX8: 23 | BY8: 15 | BZ8: 4 | CA8: 135 | CB8: 142 | CC8: 67 | CD8: 48 | CE8: 26 | CF8: 11 | CG8: 34 | CH8: 54 | CI8: 69 | CJ8: 32 | CK8: 15 | CL8: 18 | CM8: 19 | CN8: 14 | CO8: 14 | CP8: 10 | CQ8: 10 | CR8: 24 | CS8: 45 | CT8: 51 | CU8: 40 | CV8: 17 | CW8: 9 | CX8: 32 | CY8: 102 | CZ8: 153 | DA8: 143 | DB8: 125 | DC8: 101 | DD8: 157 | DE8: 179 | DF8: 170 | DG8: 156 | DH8: 162 | DI8: 156 | DJ8: 141 | DK8: 127 | DL8: 159 | DM8: 184 | DN8: 143 | DO8: 115 | DP8: 132 | DQ8: 137 | DR8: 149 | DS8: 122 | DT8: 90 | DU8: 162 | DV8: 252 | DW8: 251 | DX8: 252 | DY8: 252 | DZ8: 251 | EA8: 250 | EB8: 250 | EC8: 249 | ED8: 250 | EE8: 252 | EF8: 253 | EG8: 249 | EH8: 247 | EI8: 249 | EJ8: 251 | EK8: 254 | EL8: 254 | EM8: 253 | EN8: 221 | EO8: 150 | EP8: 121 | EQ8: 136 | ER8: 134 | ES8: 125 | ET8: 127 | EU8: 137 | EV8: 130 | EW8: 107 | EX8: 71 | EY8: 47 | EZ8: 50 | FA8: 56 | FB8: 53 | FC8: 46 | FD8: 33 | FE8: 16 | FF8: 11 | FG8: 18 | FH8: 21 | FI8: 20 | FJ8: 18 | FK8: 0 | FL8: 0 | FM8: 25 | FN8: 147 | FO8: 196 | FP8: 175 | FQ8: 179 | FR8: 180 | FS8: 187
B9: 117 | C9: 15 | D9: 26 | E9: 31 | F9: 23 | G9: 8 | H9: 4 | I9: 37 | J9: 45 | K9: 36 | L9: 39 | M9: 38 | N9: 30 | O9: 25 | P9: 22 | Q9: 24 | R9: 25 | S9: 22 | T9: 19 | U9: 18 | V9: 21 | W9: 24 | X9: 26 | Y9: 25 | Z9: 19 | AA9: 15 | AB9: 16 | AC9: 15 | AD9: 2 | AE9: 11 | AF9: 1 | AG9: 16 | AH9: 12 | AI9: 11 | AJ9: 46 | AK9: 49 | AL9: 46 | AM9: 53 | AN9: 47 | AO9: 43 | AP9: 44 | AQ9: 44 | AR9: 61 | AS9: 77 | AT9: 71 | AU9: 58 | AV9: 68 | AW9: 74 | AX9: 68 | AY9: 68 | AZ9: 71 | BA9: 71 | BB9: 77 | BC9: 68 | BD9: 70 | BE9: 65 | BF9: 63 | BG9: 63 | BH9: 57 | BI9: 53 | BJ9: 53 | BK9: 57 | BL9: 53 | BM9: 54 | BN9: 52 | BO9: 49 | BP9: 45 | BQ9: 40 | BR9: 36 | BS9: 36 | BT9: 28 | BU9: 21 | BV9: 21 | BW9: 24 | BX9: 22 | BY9: 23 | BZ9: 8 | CA9: 107 | CB9: 164 | CC9: 112 | CD9: 66 | CE9: 27 | CF9: 22 | CG9: 88 | CH9: 105 | CI9: 91 | CJ9: 37 | CK9: 10 | CL9: 12 | CM9: 12 | CN9: 10 | CO9: 14 | CP9: 15 | CQ9: 9 | CR9: 12 | CS9: 32 | CT9: 42 | CU9: 43 | CV9: 42 | CW9: 26 | CX9: 11 | CY9: 37 | CZ9: 75 | DA9: 123 | DB9: 110 | DC9: 109 | DD9: 169 | DE9: 172 | DF9: 163 | DG9: 165 | DH9: 159 | DI9: 157 | DJ9: 146 | DK9: 136 | DL9: 175 | DM9: 174 | DN9: 125 | DO9: 117 | DP9: 132 | DQ9: 135 | DR9: 140 | DS9: 107 | DT9: 88 | DU9: 172 | DV9: 248 | DW9: 251 | DX9: 251 | DY9: 251 | DZ9: 250 | EA9: 250 | EB9: 249 | EC9: 248 | ED9: 250 | EE9: 251 | EF9: 254 | EG9: 250 | EH9: 249 | EI9: 255 | EJ9: 255 | EK9: 250 | EL9: 241 | EM9: 200 | EN9: 143 | EO9: 118 | EP9: 127 | EQ9: 129 | ER9: 134 | ES9: 138 | ET9: 134 | EU9: 123 | EV9: 103 | EW9: 70 | EX9: 53 | EY9: 49 | EZ9: 52 | FA9: 51 | FB9: 44 | FC9: 35 | FD9: 30 | FE9: 18 | FF9: 14 | FG9: 18 | FH9: 19 | FI9: 22 | FJ9: 22 | FK9: 16 | FL9: 1 | FM9: 16 | FN9: 100 | FO9: 175 | FP9: 174 | FQ9: 178 | FR9: 178 | FS9: 167
B10: 118 | C10: 16 | D10: 30 | E10: 37 | F10: 28 | G10: 17 | H10: 22 | I10: 53 | J10: 50 | K10: 34 | L10: 32 | M10: 32 | N10: 32 | O10: 28 | P10: 25 | Q10: 28 | R10: 32 | S10: 31 | T10: 29 | U10: 25 | V10: 24 | W10: 24 | X10: 28 | Y10: 29 | Z10: 23 | AA10: 18 | AB10: 24 | AC10: 29 | AD10: 19 | AE10: 5 | AF10: 18 | AG10: 25 | AH10: 32 | AI10: 39 | AJ10: 43 | AK10: 65 | AL10: 55 | AM10: 63 | AN10: 57 | AO10: 59 | AP10: 46 | AQ10: 57 | AR10: 86 | AS10: 84 | AT10: 67 | AU10: 71 | AV10: 71 | AW10: 73 | AX10: 68 | AY10: 75 | AZ10: 77 | BA10: 59 | BB10: 59 | BC10: 63 | BD10: 64 | BE10: 58 | BF10: 60 | BG10: 67 | BH10: 70 | BI10: 70 | BJ10: 66 | BK10: 60 | BL10: 54 | BM10: 53 | BN10: 52 | BO10: 51 | BP10: 47 | BQ10: 44 | BR10: 39 | BS10: 40 | BT10: 28 | BU10: 22 | BV10: 23 | BW10: 22 | BX10: 20 | BY10: 27 | BZ10: 11 | CA10: 37 | CB10: 109 | CC10: 124 | CD10: 110 | CE10: 89 | CF10: 33 | CG10: 54 | CH10: 58 | CI10: 43 | CJ10: 22 | CK10: 14 | CL10: 16 | CM10: 15 | CN10: 12 | CO10: 15 | CP10: 16 | CQ10: 17 | CR10: 11 | CS10: 17 | CT10: 26 | CU10: 43 | CV10: 51 | CW10: 40 | CX10: 32 | CY10: 10 | CZ10: 12 | DA10: 108 | DB10: 80 | DC10: 114 | DD10: 178 | DE10: 171 | DF10: 159 | DG10: 164 | DH10: 157 | DI10: 163 | DJ10: 141 | DK10: 143 | DL10: 180 | DM10: 142 | DN10: 104 | DO10: 121 | DP10: 132 | DQ10: 130 | DR10: 129 | DS10: 100 | DT10: 93 | DU10: 192 | DV10: 250 | DW10: 251 | DX10: 251 | DY10: 252 | DZ10: 253 | EA10: 252 | EB10: 251 | EC10: 252 | ED10: 254 | EE10: 254 | EF10: 254 | EG10: 254 | EH10: 252 | EI10: 250 | EJ10: 224 | EK10: 189 | EL10: 170 | EM10: 136 | EN10: 114 | EO10: 132 | EP10: 143 | EQ10: 131 | ER10: 135 | ES10: 137 | ET10: 122 | EU10: 93 | EV10: 71 | EW10: 53 | EX10: 54 | EY10: 60 | EZ10: 53 | FA10: 40 | FB10: 31 | FC10: 25 | FD10: 25 | FE10: 19 | FF10: 16 | FG10: 21 | FH10: 18 | FI10: 17 | FJ10: 19 | FK10: 6 | FL10: 7 | FM10: 12 | FN10: 86 | FO10: 187 | FP10: 186 | FQ10: 169 | FR10: 162 | FS10: 101
B11: 119 | C11: 19 | D11: 31 | E11: 40 | F11: 31 | G11: 26 | H11: 40 | I11: 61 | J11: 54 | K11: 31 | L11: 25 | M11: 29 | N11: 26 | O11: 30 | P11: 25 | Q11: 28 | R11: 33 | S11: 33 | T11: 30 | U11: 24 | V11: 26 | W11: 22 | X11: 23 | Y11: 24 | Z11: 25 | AA11: 25 | AB11: 29 | AC11: 35 | AD11: 29 | AE11: 26 | AF11: 46 | AG11: 39 | AH11: 32 | AI11: 49 | AJ11: 46 | AK11: 46 | AL11: 56 | AM11: 56 | AN11: 54 | AO11: 60 | AP11: 65 | AQ11: 76 | AR11: 78 | AS11: 85 | AT11: 79 | AU11: 80 | AV11: 80 | AW11: 84 | AX11: 78 | AY11: 78 | AZ11: 53 | BA11: 11 | BB11: 10 | BC11: 11 | BD11: 6 | BE11: 3 | BF11: 8 | BG11: 19 | BH11: 31 | BI11: 46 | BJ11: 49 | BK11: 47 | BL11: 45 | BM11: 51 | BN11: 54 | BO11: 52 | BP11: 49 | BQ11: 43 | BR11: 39 | BS11: 44 | BT11: 35 | BU11: 33 | BV11: 29 | BW11: 24 | BX11: 24 | BY11: 25 | BZ11: 15 | CA11: 3 | CB11: 73 | CC11: 137 | CD11: 142 | CE11: 131 | CF11: 55 | CG11: 15 | CH11: 23 | CI11: 30 | CJ11: 27 | CK11: 16 | CL11: 10 | CM11: 16 | CN11: 17 | CO11: 12 | CP11: 10 | CQ11: 18 | CR11: 13 | CS11: 8 | CT11: 18 | CU11: 39 | CV11: 44 | CW11: 44 | CX11: 61 | CY11: 33 | CZ11: 24 | DA11: 97 | DB11: 77 | DC11: 144 | DD11: 182 | DE11: 162 | DF11: 155 | DG11: 160 | DH11: 162 | DI11: 162 | DJ11: 137 | DK11: 163 | DL11: 186 | DM11: 120 | DN11: 96 | DO11: 124 | DP11: 127 | DQ11: 128 | DR11: 120 | DS11: 102 | DT11: 106 | DU11: 208 | DV11: 253 | DW11: 249 | DX11: 252 | DY11: 253 | DZ11: 252 | EA11: 254 | EB11: 254 | EC11: 250 | ED11: 241 | EE11: 254 | EF11: 252 | EG11: 223 | EH11: 192 | EI11: 173 | EJ11: 144 | EK11: 122 | EL11: 121 | EM11: 111 | EN11: 124 | EO11: 126 | EP11: 130 | EQ11: 141 | ER11: 135 | ES11: 112 | ET11: 89 | EU11: 70 | EV11: 64 | EW11: 67 | EX11: 68 | EY11: 64 | EZ11: 50 | FA11: 30 | FB11: 18 | FC11: 25 | FD11: 30 | FE11: 23 | FF11: 16 | FG11: 19 | FH11: 18 | FI11: 13 | FJ11: 11 | FK11: 2 | FL11: 1 | FM11: 71 | FN11: 174 | FO11: 191 | FP11: 165 | FQ11: 107 | FR11: 63 | FS11: 49
B12: 120 | C12: 20 | D12: 31 | E12: 38 | F12: 34 | G12: 33 | H12: 41 | I12: 49 | J12: 42 | K12: 36 | L12: 31 | M12: 28 | N12: 29 | O12: 32 | P12: 29 | Q12: 28 | R12: 32 | S12: 31 | T12: 26 | U12: 24 | V12: 29 | W12: 23 | X12: 19 | Y12: 25 | Z12: 21 | AA12: 19 | AB12: 29 | AC12: 35 | AD12: 28 | AE12: 32 | AF12: 40 | AG12: 45 | AH12: 51 | AI12: 46 | AJ12: 49 | AK12: 50 | AL12: 44 | AM12: 65 | AN12: 56 | AO12: 50 | AP12: 74 | AQ12: 85 | AR12: 82 | AS12: 84 | AT12: 75 | AU12: 82 | AV12: 93 | AW12: 86 | AX12: 87 | AY12: 72 | AZ12: 40 | BA12: 14 | BB12: 10 | BC12: 18 | BD12: 8 | BE12: 9 | BF12: 11 | BG12: 4 | BH12: 4 | BI12: 25 | BJ12: 36 | BK12: 28 | BL12: 63 | BM12: 71 | BN12: 52 | BO12: 40 | BP12: 43 | BQ12: 36 | BR12: 37 | BS12: 31 | BT12: 29 | BU12: 38 | BV12: 36 | BW12: 29 | BX12: 30 | BY12: 22 | BZ12: 17 | CA12: 19 | CB12: 23 | CC12: 39 | CD12: 26 | CE12: 16 | CF12: 31 | CG12: 32 | CH12: 33 | CI12: 39 | CJ12: 36 | CK12: 22 | CL12: 14 | CM12: 15 | CN12: 21 | CO12: 22 | CP12: 16 | CQ12: 14 | CR12: 14 | CS12: 15 | CT12: 15 | CU12: 19 | CV12: 32 | CW12: 45 | CX12: 54 | CY12: 58 | CZ12: 44 | DA12: 80 | DB12: 93 | DC12: 181 | DD12: 173 | DE12: 157 | DF12: 160 | DG12: 156 | DH12: 159 | DI12: 146 | DJ12: 142 | DK12: 187 | DL12: 183 | DM12: 104 | DN12: 109 | DO12: 116 | DP12: 127 | DQ12: 131 | DR12: 127 | DS12: 117 | DT12: 118 | DU12: 198 | DV12: 222 | DW12: 208 | DX12: 228 | DY12: 249 | DZ12: 249 | EA12: 248 | EB12: 243 | EC12: 216 | ED12: 193 | EE12: 189 | EF12: 160 | EG12: 152 | EH12: 138 | EI12: 121 | EJ12: 129 | EK12: 139 | EL12: 128 | EM12: 132 | EN12: 132 | EO12: 132 | EP12: 143 | EQ12: 130 | ER12: 87 | ES12: 60 | ET12: 61 | EU12: 73 | EV12: 79 | EW12: 86 | EX12: 72 | EY12: 54 | EZ12: 24 | FA12: 35 | FB12: 39 | FC12: 45 | FD12: 40 | FE12: 22 | FF12: 18 | FG12: 21 | FH12: 11 | FI12: 14 | FJ12: 16 | FK12: 0 | FL12: 57 | FM12: 164 | FN12: 182 | FO12: 128 | FP12: 90 | FQ12: 81 | FR12: 84 | FS12: 98
B13: 121 | C13: 26 | D13: 27 | E13: 44 | F13: 41 | G13: 39 | H13: 46 | I13: 44 | J13: 40 | K13: 35 | L13: 30 | M13: 31 | N13: 31 | O13: 31 | P13: 30 | Q13: 29 | R13: 30 | S13: 28 | T13: 25 | U13: 29 | V13: 27 | W13: 17 | X13: 17 | Y13: 18 | Z13: 17 | AA13: 18 | AB13: 24 | AC13: 30 | AD13: 29 | AE13: 29 | AF13: 45 | AG13: 54 | AH13: 57 | AI13: 53 | AJ13: 50 | AK13: 51 | AL13: 47 | AM13: 60 | AN13: 60 | AO13: 63 | AP13: 77 | AQ13: 86 | AR13: 82 | AS13: 81 | AT13: 79 | AU13: 82 | AV13: 77 | AW13: 77 | AX13: 66 | AY13: 53 | AZ13: 31 | BA13: 23 | BB13: 25 | BC13: 23 | BD13: 15 | BE13: 17 | BF13: 17 | BG13: 11 | BH13: 19 | BI13: 46 | BJ13: 63 | BK13: 116 | BL13: 200 | BM13: 213 | BN13: 152 | BO13: 96 | BP13: 93 | BQ13: 64 | BR13: 47 | BS13: 23 | BT13: 16 | BU13: 24 | BV13: 29 | BW13: 24 | BX13: 30 | BY13: 27 | BZ13: 23 | CA13: 24 | CB13: 16 | CC13: 12 | CD13: 2 | CE13: 5 | CF13: 31 | CG13: 44 | CH13: 41 | CI13: 44 | CJ13: 41 | CK13: 35 | CL13: 25 | CM13: 17 | CN13: 16 | CO13: 17 | CP13: 17 | CQ13: 17 | CR13: 16 | CS13: 16 | CT13: 15 | CU13: 15 | CV13: 15 | CW13: 25 | CX13: 53 | CY13: 52 | CZ13: 45 | DA13: 67 | DB13: 128 | DC13: 191 | DD13: 163 | DE13: 137 | DF13: 150 | DG13: 163 | DH13: 169 | DI13: 163 | DJ13: 162 | DK13: 210 | DL13: 167 | DM13: 92 | DN13: 115 | DO13: 121 | DP13: 116 | DQ13: 120 | DR13: 137 | DS13: 116 | DT13: 120 | DU13: 132 | DV13: 146 | DW13: 108 | DX13: 121 | DY13: 137 | DZ13: 132 | EA13: 125 | EB13: 130 | EC13: 122 | ED13: 118 | EE13: 131 | EF13: 116 | EG13: 123 | EH13: 135 | EI13: 129 | EJ13: 134 | EK13: 144 | EL13: 139 | EM13: 146 | EN13: 148 | EO13: 131 | EP13: 106 | EQ13: 73 | ER13: 54 | ES13: 54 | ET13: 64 | EU13: 81 | EV13: 84 | EW13: 79 | EX13: 52 | EY13: 14 | EZ13: 38 | FA13: 134 | FB13: 155 | FC13: 96 | FD13: 42 | FE13: 25 | FF13: 18 | FG13: 15 | FH13: 17 | FI13: 2 | FJ13: 4 | FK13: 11 | FL13: 114 | FM13: 149 | FN13: 99 | FO13: 81 | FP13: 95 | FQ13: 102 | FR13: 103 | FS13: 75
B14: 122 | C14: 30 | D14: 23 | E14: 40 | F14: 43 | G14: 38 | H14: 40 | I14: 37 | J14: 39 | K14: 36 | L14: 29 | M14: 32 | N14: 36 | O14: 30 | P14: 29 | Q14: 28 | R14: 28 | S14: 23 | T14: 23 | U14: 28 | V14: 29 | W14: 27 | X14: 27 | Y14: 30 | Z14: 30 | AA14: 32 | AB14: 31 | AC14: 32 | AD14: 29 | AE14: 17 | AF14: 30 | AG14: 36 | AH14: 37 | AI14: 42 | AJ14: 54 | AK14: 75 | AL14: 79 | AM14: 59 | AN14: 56 | AO14: 56 | AP14: 60 | AQ14: 58 | AR14: 50 | AS14: 39 | AT14: 65 | AU14: 42 | AV14: 40 | AW14: 60 | AX14: 47 | AY14: 49 | AZ14: 35 | BA14: 39 | BB14: 30 | BC14: 31 | BD14: 25 | BE14: 23 | BF14: 19 | BG14: 18 | BH14: 32 | BI14: 54 | BJ14: 78 | BK14: 136 | BL14: 214 | BM14: 216 | BN14: 166 | BO14: 185 | BP14: 203 | BQ14: 213 | BR14: 155 | BS14: 59 | BT14: 39 | BU14: 23 | BV14: 17 | BW14: 19 | BX14: 23 | BY14: 18 | BZ14: 25 | CA14: 17 | CB14: 14 | CC14: 18 | CD14: 13 | CE14: 16 | CF14: 38 | CG14: 52 | CH14: 43 | CI14: 39 | CJ14: 43 | CK14: 43 | CL14: 37 | CM14: 22 | CN14: 10 | CO14: 9 | CP14: 15 | CQ14: 17 | CR14: 16 | CS14: 15 | CT14: 16 | CU14: 17 | CV14: 8 | CW14: 14 | CX14: 49 | CY14: 40 | CZ14: 39 | DA14: 87 | DB14: 206 | DC14: 228 | DD14: 174 | DE14: 142 | DF14: 156 | DG14: 167 | DH14: 167 | DI14: 157 | DJ14: 169 | DK14: 206 | DL14: 136 | DM14: 99 | DN14: 129 | DO14: 135 | DP14: 127 | DQ14: 129 | DR14: 136 | DS14: 110 | DT14: 139 | DU14: 130 | DV14: 129 | DW14: 137 | DX14: 129 | DY14: 126 | DZ14: 122 | EA14: 122 | EB14: 125 | EC14: 125 | ED14: 131 | EE14: 130 | EF14: 129 | EG14: 138 | EH14: 138 | EI14: 134 | EJ14: 137 | EK14: 145 | EL14: 136 | EM14: 139 | EN14: 127 | EO14: 90 | EP14: 60 | EQ14: 45 | ER14: 44 | ES14: 60 | ET14: 80 | EU14: 89 | EV14: 70 | EW14: 54 | EX14: 39 | EY14: 38 | EZ14: 138 | FA14: 246 | FB14: 244 | FC14: 174 | FD14: 89 | FE14: 44 | FF14: 26 | FG14: 17 | FH14: 19 | FI14: 0 | FJ14: 47 | FK14: 99 | FL14: 116 | FM14: 59 | FN14: 31 | FO14: 73 | FP14: 84 | FQ14: 46 | FR14: 35 | FS14: 65
B15: 123 | C15: 39 | D15: 26 | E15: 40 | F15: 40 | G15: 35 | H15: 35 | I15: 35 | J15: 39 | K15: 39 | L15: 30 | M15: 30 | N15: 34 | O15: 28 | P15: 28 | Q15: 26 | R15: 26 | S15: 21 | T15: 19 | U15: 22 | V15: 26 | W15: 32 | X15: 34 | Y15: 34 | Z15: 36 | AA15: 36 | AB15: 30 | AC15: 24 | AD15: 13 | AE15: 17 | AF15: 23 | AG15: 33 | AH15: 38 | AI15: 39 | AJ15: 50 | AK15: 62 | AL15: 50 | AM15: 61 | AN15: 59 | AO15: 51 | AP15: 33 | AQ15: 58 | AR15: 135 | AS15: 167 | AT15: 185 | AU15: 134 | AV15: 78 | AW15: 54 | AX15: 52 | AY15: 57 | AZ15: 46 | BA15: 44 | BB15: 37 | BC15: 32 | BD15: 25 | BE15: 22 | BF15: 18 | BG15: 18 | BH15: 37 | BI15: 61 | BJ15: 87 | BK15: 149 | BL15: 234 | BM15: 222 | BN15: 156 | BO15: 155 | BP15: 210 | BQ15: 226 | BR15: 182 | BS15: 106 | BT15: 73 | BU15: 44 | BV15: 27 | BW15: 23 | BX15: 24 | BY15: 16 | BZ15: 19 | CA15: 10 | CB15: 15 | CC15: 22 | CD15: 22 | CE15: 26 | CF15: 46 | CG15: 51 | CH15: 27 | CI15: 27 | CJ15: 39 | CK15: 45 | CL15: 41 | CM15: 26 | CN15: 12 | CO15: 7 | CP15: 11 | CQ15: 16 | CR15: 14 | CS15: 14 | CT15: 16 | CU15: 18 | CV15: 8 | CW15: 14 | CX15: 47 | CY15: 35 | CZ15: 54 | DA15: 130 | DB15: 254 | DC15: 249 | DD15: 227 | DE15: 199 | DF15: 188 | DG15: 182 | DH15: 165 | DI15: 158 | DJ15: 199 | DK15: 209 | DL15: 111 | DM15: 99 | DN15: 128 | DO15: 139 | DP15: 139 | DQ15: 143 | DR15: 120 | DS15: 100 | DT15: 159 | DU15: 141 | DV15: 132 | DW15: 134 | DX15: 134 | DY15: 138 | DZ15: 143 | EA15: 147 | EB15: 145 | EC15: 138 | ED15: 143 | EE15: 137 | EF15: 138 | EG15: 139 | EH15: 138 | EI15: 142 | EJ15: 149 | EK15: 144 | EL15: 122 | EM15: 89 | EN15: 68 | EO15: 49 | EP15: 45 | EQ15: 48 | ER15: 52 | ES15: 65 | ET15: 82 | EU15: 80 | EV15: 50 | EW15: 23 | EX15: 41 | EY15: 100 | EZ15: 148 | FA15: 207 | FB15: 254 | FC15: 249 | FD15: 185 | FE15: 104 | FF15: 44 | FG15: 30 | FH15: 4 | FI15: 25 | FJ15: 123 | FK15: 143 | FL15: 77 | FM15: 9 | FN15: 2 | FO15: 53 | FP15: 99 | FQ15: 72 | FR15: 30 | FS15: 40
... B138: 246 | C138: 135 | D138: 131 | E138: 132 | F138: 137 | G138: 131 | H138: 136 | I138: 137 | J138: 139 | K138: 142 | L138: 146 | M138: 148 | N138: 144 | O138: 141 | P138: 145 | Q138: 146 | R138: 146 | S138: 145 | T138: 148 | U138: 148 | V138: 149 | W138: 149 | X138: 153 | Y138: 156 | Z138: 156 | AA138: 152 | AB138: 149 | AC138: 144 | AD138: 142 | AE138: 142 | AF138: 137 | AG138: 131 | AH138: 125 | AI138: 123 | AJ138: 122 | AK138: 120 | AL138: 116 | AM138: 111 | AN138: 111 | AO138: 107 | AP138: 101 | AQ138: 95 | AR138: 96 | AS138: 100 | AT138: 93 | AU138: 66 | AV138: 18 | AW138: 45 | AX138: 42 | AY138: 38 | AZ138: 59 | BA138: 52 | BB138: 58 | BC138: 53 | BD138: 35 | BE138: 17 | BF138: 11 | BG138: 19 | BH138: 25 | BI138: 17 | BJ138: 25 | BK138: 35 | BL138: 46 | BM138: 53 | BN138: 60 | BO138: 32 | BP138: 9 | BQ138: 10 | BR138: 17 | BS138: 17 | BT138: 16 | BU138: 50 | BV138: 93 | BW138: 53 | BX138: 61 | BY138: 179 | BZ138: 213 | CA138: 173 | CB138: 111 | CC138: 110 | CD138: 139 | CE138: 121 | CF138: 120 | CG138: 116 | CH138: 107 | CI138: 110 | CJ138: 128 | CK138: 103 | CL138: 103 | CM138: 101 | CN138: 121 | CO138: 120 | CP138: 118 | CQ138: 106 | CR138: 118 | CS138: 111 | CT138: 109 | CU138: 111 | CV138: 104 | CW138: 117 | CX138: 111 | CY138: 109 | CZ138: 92 | DA138: 101 | DB138: 124 | DC138: 124 | DD138: 113 | DE138: 122 | DF138: 118 | DG138: 136 | DH138: 172 | DI138: 174 | DJ138: 87 | DK138: 22 | DL138: 23 | DM138: 15 | DN138: 30 | DO138: 51 | DP138: 43 | DQ138: 51 | DR138: 74 | DS138: 102 | DT138: 143 | DU138: 153 | DV138: 132 | DW138: 73 | DX138: 9 | DY138: 3 | DZ138: 24 | EA138: 38 | EB138: 38 | EC138: 43 | ED138: 28 | EE138: 8 | EF138: 1 | EG138: 82 | EH138: 165 | EI138: 188 | EJ138: 170 | EK138: 167 | EL138: 153 | EM138: 172 | EN138: 160 | EO138: 132 | EP138: 146 | EQ138: 165 | ER138: 143 | ES138: 107 | ET138: 111 | EU138: 115 | EV138: 112 | EW138: 112 | EX138: 116 | EY138: 117 | EZ138: 116 | FA138: 115 | FB138: 108 | FC138: 100 | FD138: 98 | FE138: 104 | FF138: 112 | FG138: 116 | FH138: 122 | FI138: 136 | FJ138: 154 | FK138: 174 | FL138: 181 | FM138: 164 | FN138: 157 | FO138: 160 | FP138: 145 | FQ138: 137 | FR138: 141 | FS138: 95

Sheet Cobertura
A1: Validación por cobertura del anillo oscuro
A2: Desde el centro salen 360 rayos (1° cada uno). En cada rayo se toman los radios enteros r0_i … r1_i − 1 (vecino más cercano, como cv2.warpPolar). El rayo cuenta si su píxel más oscuro es < oscuro. Cobertura = fracción de rayos que cuentan.
AD3: Línea roja: umbral oscuro = 68. Donde el gris mínimo pasa por encima, el anillo está abierto (contacto con otro robot o hueco).
B4: Robot 3 | P4: Hueco entre robots
B5: x centro | C5: 350.81819 | P5: x centro | Q5: 422.23
B6: y centro | C6: 163.65844 | P6: y centro | Q6: 195.11
B7: cobertura | C7: =AVERAGE(M13:M372) -> 0.85555556 | P7: cobertura | Q7: =AVERAGE(AA13:AA372) -> 0.67222222
B8: veredicto | C8: =IF(C7>=cob_min,"robot","rechazado") -> robot | P8: veredicto | Q8: =IF(Q7>=cob_min,"robot","rechazado") -> rechazado
B9: app | C9: 0.847222 | E9: aceptado por la app (ring_cov del CSV) | P9: app | Q9: — | S9: candidato de trackpy descartado por la app
B10: umbral | C10: =cob_min -> 0.82 | P10: umbral | Q10: =cob_min -> 0.82
D11: r = | R11: r =
B12: rayo | C12: ángulo ° | D12: =IF(r0_i+0<r1_i,r0_i+0,"") -> 37 | E12: =IF(r0_i+1<r1_i,r0_i+1,"") -> 38 | F12: =IF(r0_i+2<r1_i,r0_i+2,"") -> 39 | G12: =IF(r0_i+3<r1_i,r0_i+3,"") -> 40 | H12: =IF(r0_i+4<r1_i,r0_i+4,"") -> 41 | I12: =IF(r0_i+5<r1_i,r0_i+5,"") -> 42 | J12: =IF(r0_i+6<r1_i,r0_i+6,"") -> 43 | K12: =IF(r0_i+7<r1_i,r0_i+7,"") -> 44 | L12: mín gris | M12: oscuro? | N12: umbral | P12: rayo | Q12: ángulo ° | R12: =IF(r0_i+0<r1_i,r0_i+0,"") -> 37 | S12: =IF(r0_i+1<r1_i,r0_i+1,"") -> 38 | T12: =IF(r0_i+2<r1_i,r0_i+2,"") -> 39 | U12: =IF(r0_i+3<r1_i,r0_i+3,"") -> 40 | V12: =IF(r0_i+4<r1_i,r0_i+4,"") -> 41 | W12: =IF(r0_i+5<r1_i,r0_i+5,"") -> 42 | X12: =IF(r0_i+6<r1_i,r0_i+6,"") -> 43 | Y12: =IF(r0_i+7<r1_i,r0_i+7,"") -> 44 | Z12: mín gris | AA12: oscuro? | AB12: umbral
B13: 0 | C13: =B13*360/360 -> 0 | D13: =IF(D$12="","",INDEX(ImgF,ROUND(C$6+D$12*SIN(RADIANS(C13)),0)-ImgF_y0+1,ROUND(C$5+D$12*COS(RADIANS(C13)),0)-ImgF_x0+1)) -> 56 | E13: =IF(E$12="","",INDEX(ImgF,ROUND(C$6+E$12*SIN(RADIANS(C13)),0)-ImgF_y0+1,ROUND(C$5+E$12*COS(RADIANS(C13)),0)-ImgF_x0+1)) -> 28 | F13: =IF(F$12="","",INDEX(ImgF,ROUND(C$6+F$12*SIN(RADIANS(C13)),0)-ImgF_y0+1,ROUND(C$5+F$12*COS(RADIANS(C13)),0)-ImgF_x0+1)) -> 75 | G13: =IF(G$12="","",INDEX(ImgF,ROUND(C$6+G$12*SIN(RADIANS(C13)),0)-ImgF_y0+1,ROUND(C$5+G$12*COS(RADIANS(C13)),0)-ImgF_x0+1)) -> 52 | H13: =IF(H$12="","",INDEX(ImgF,ROUND(C$6+H$12*SIN(RADIANS(C13)),0)-ImgF_y0+1,ROUND(C$5+H$12*COS(RADIANS(C13)),0)-ImgF_x0+1)) -> 21 | I13: =IF(I$12="","",INDEX(ImgF,ROUND(C$6+I$12*SIN(RADIANS(C13)),0)-ImgF_y0+1,ROUND(C$5+I$12*COS(RADIANS(C13)),0)-ImgF_x0+1)) -> 18 | J13: =IF(J$12="","",INDEX(ImgF,ROUND(C$6+J$12*SIN(RADIANS(C13)),0)-ImgF_y0+1,ROUND(C$5+J$12*COS(RADIANS(C13)),0)-ImgF_x0+1)) -> 19 | K13: =IF(K$12="","",INDEX(ImgF,ROUND(C$6+K$12*SIN(RADIANS(C13)),0)-ImgF_y0+1,ROUND(C$5+K$12*COS(RADIANS(C13)),0)-ImgF_x0+1)) -> 28 | L13: =MIN(D13:K13) -> 18 | M13: =IF(L13<oscuro,1,0) -> 1 | N13: =oscuro -> 68 | P13: 0 | Q13: =P13*360/360 -> 0 | R13: =IF(R$12="","",INDEX(ImgF,ROUND(Q$6+R$12*SIN(RADIANS(Q13)),0)-ImgF_y0+1,ROUND(Q$5+R$12*COS(RADIANS(Q13)),0)-ImgF_x0+1)) -> 23 | S13: =IF(S$12="","",INDEX(ImgF,ROUND(Q$6+S$12*SIN(RADIANS(Q13)),0)-ImgF_y0+1,ROUND(Q$5+S$12*COS(RADIANS(Q13)),0)-ImgF_x0+1)) -> 115 | T13: =IF(T$12="","",INDEX(ImgF,ROUND(Q$6+T$12*SIN(RADIANS(Q13)),0)-ImgF_y0+1,ROUND(Q$5+T$12*COS(RADIANS(Q13)),0)-ImgF_x0+1)) -> 162 | U13: =IF(U$12="","",INDEX(ImgF,ROUND(Q$6+U$12*SIN(RADIANS(Q13)),0)-ImgF_y0+1,ROUND(Q$5+U$12*COS(RADIANS(Q13)),0)-ImgF_x0+1)) -> 131 | V13: =IF(V$12="","",INDEX(ImgF,ROUND(Q$6+V$12*SIN(RADIANS(Q13)),0)-ImgF_y0+1,ROUND(Q$5+V$12*COS(RADIANS(Q13)),0)-ImgF_x0+1)) -> 35 | W13: =IF(W$12="","",INDEX(ImgF,ROUND(Q$6+W$12*SIN(RADIANS(Q13)),0)-ImgF_y0+1,ROUND(Q$5+W$12*COS(RADIANS(Q13)),0)-ImgF_x0+1)) -> 2 | X13: =IF(X$12="","",INDEX(ImgF,ROUND(Q$6+X$12*SIN(RADIANS(Q13)),0)-ImgF_y0+1,ROUND(Q$5+X$12*COS(RADIANS(Q13)),0)-ImgF_x0+1)) -> 2 | Y13: =IF(Y$12="","",INDEX(ImgF,ROUND(Q$6+Y$12*SIN(RADIANS(Q13)),0)-ImgF_y0+1,ROUND(Q$5+Y$12*COS(RADIANS(Q13)),0)-ImgF_x0+1)) -> 19 | Z13: =MIN(R13:Y13) -> 2 | AA13: =IF(Z13<oscuro,1,0) -> 1 | AB13: =oscuro -> 68
B14: 1 | C14: =B14*360/360 -> 1 | D14: =IF(D$12="","",INDEX(ImgF,ROUND(C$6+D$12*SIN(RADIANS(C14)),0)-ImgF_y0+1,ROUND(C$5+D$12*COS(RADIANS(C14)),0)-ImgF_x0+1)) -> 56 | E14: =IF(E$12="","",INDEX(ImgF,ROUND(C$6+E$12*SIN(RADIANS(C14)),0)-ImgF_y0+1,ROUND(C$5+E$12*COS(RADIANS(C14)),0)-ImgF_x0+1)) -> 28 | F14: =IF(F$12="","",INDEX(ImgF,ROUND(C$6+F$12*SIN(RADIANS(C14)),0)-ImgF_y0+1,ROUND(C$5+F$12*COS(RADIANS(C14)),0)-ImgF_x0+1)) -> 75 | G14: =IF(G$12="","",INDEX(ImgF,ROUND(C$6+G$12*SIN(RADIANS(C14)),0)-ImgF_y0+1,ROUND(C$5+G$12*COS(RADIANS(C14)),0)-ImgF_x0+1)) -> 52 | H14: =IF(H$12="","",INDEX(ImgF,ROUND(C$6+H$12*SIN(RADIANS(C14)),0)-ImgF_y0+1,ROUND(C$5+H$12*COS(RADIANS(C14)),0)-ImgF_x0+1)) -> 21 | I14: =IF(I$12="","",INDEX(ImgF,ROUND(C$6+I$12*SIN(RADIANS(C14)),0)-ImgF_y0+1,ROUND(C$5+I$12*COS(RADIANS(C14)),0)-ImgF_x0+1)) -> 18 | J14: =IF(J$12="","",INDEX(ImgF,ROUND(C$6+J$12*SIN(RADIANS(C14)),0)-ImgF_y0+1,ROUND(C$5+J$12*COS(RADIANS(C14)),0)-ImgF_x0+1)) -> 19 | K14: =IF(K$12="","",INDEX(ImgF,ROUND(C$6+K$12*SIN(RADIANS(C14)),0)-ImgF_y0+1,ROUND(C$5+K$12*COS(RADIANS(C14)),0)-ImgF_x0+1)) -> 28 | L14: =MIN(D14:K14) -> 18 | M14: =IF(L14<oscuro,1,0) -> 1 | N14: =oscuro -> 68 | P14: 1 | Q14: =P14*360/360 -> 1 | R14: =IF(R$12="","",INDEX(ImgF,ROUND(Q$6+R$12*SIN(RADIANS(Q14)),0)-ImgF_y0+1,ROUND(Q$5+R$12*COS(RADIANS(Q14)),0)-ImgF_x0+1)) -> 23 | S14: =IF(S$12="","",INDEX(ImgF,ROUND(Q$6+S$12*SIN(RADIANS(Q14)),0)-ImgF_y0+1,ROUND(Q$5+S$12*COS(RADIANS(Q14)),0)-ImgF_x0+1)) -> 28 | T14: =IF(T$12="","",INDEX(ImgF,ROUND(Q$6+T$12*SIN(RADIANS(Q14)),0)-ImgF_y0+1,ROUND(Q$5+T$12*COS(RADIANS(Q14)),0)-ImgF_x0+1)) -> 90 | U14: =IF(U$12="","",INDEX(ImgF,ROUND(Q$6+U$12*SIN(RADIANS(Q14)),0)-ImgF_y0+1,ROUND(Q$5+U$12*COS(RADIANS(Q14)),0)-ImgF_x0+1)) -> 86 | V14: =IF(V$12="","",INDEX(ImgF,ROUND(Q$6+V$12*SIN(RADIANS(Q14)),0)-ImgF_y0+1,ROUND(Q$5+V$12*COS(RADIANS(Q14)),0)-ImgF_x0+1)) -> 18 | W14: =IF(W$12="","",INDEX(ImgF,ROUND(Q$6+W$12*SIN(RADIANS(Q14)),0)-ImgF_y0+1,ROUND(Q$5+W$12*COS(RADIANS(Q14)),0)-ImgF_x0+1)) -> 8 | X14: =IF(X$12="","",INDEX(ImgF,ROUND(Q$6+X$12*SIN(RADIANS(Q14)),0)-ImgF_y0+1,ROUND(Q$5+X$12*COS(RADIANS(Q14)),0)-ImgF_x0+1)) -> 9 | Y14: =IF(Y$12="","",INDEX(ImgF,ROUND(Q$6+Y$12*SIN(RADIANS(Q14)),0)-ImgF_y0+1,ROUND(Q$5+Y$12*COS(RADIANS(Q14)),0)-ImgF_x0+1)) -> 4 | Z14: =MIN(R14:Y14) -> 4 | AA14: =IF(Z14<oscuro,1,0) -> 1 | AB14: =oscuro -> 68
B15: 2 | C15: =B15*360/360 -> 2 | D15: =IF(D$12="","",INDEX(ImgF,ROUND(C$6+D$12*SIN(RADIANS(C15)),0)-ImgF_y0+1,ROUND(C$5+D$12*COS(RADIANS(C15)),0)-ImgF_x0+1)) -> 72 | E15: =IF(E$12="","",INDEX(ImgF,ROUND(C$6+E$12*SIN(RADIANS(C15)),0)-ImgF_y0+1,ROUND(C$5+E$12*COS(RADIANS(C15)),0)-ImgF_x0+1)) -> 21 | F15: =IF(F$12="","",INDEX(ImgF,ROUND(C$6+F$12*SIN(RADIANS(C15)),0)-ImgF_y0+1,ROUND(C$5+F$12*COS(RADIANS(C15)),0)-ImgF_x0+1)) -> 78 | G15: =IF(G$12="","",INDEX(ImgF,ROUND(C$6+G$12*SIN(RADIANS(C15)),0)-ImgF_y0+1,ROUND(C$5+G$12*COS(RADIANS(C15)),0)-ImgF_x0+1)) -> 59 | H15: =IF(H$12="","",INDEX(ImgF,ROUND(C$6+H$12*SIN(RADIANS(C15)),0)-ImgF_y0+1,ROUND(C$5+H$12*COS(RADIANS(C15)),0)-ImgF_x0+1)) -> 21 | I15: =IF(I$12="","",INDEX(ImgF,ROUND(C$6+I$12*SIN(RADIANS(C15)),0)-ImgF_y0+1,ROUND(C$5+I$12*COS(RADIANS(C15)),0)-ImgF_x0+1)) -> 15 | J15: =IF(J$12="","",INDEX(ImgF,ROUND(C$6+J$12*SIN(RADIANS(C15)),0)-ImgF_y0+1,ROUND(C$5+J$12*COS(RADIANS(C15)),0)-ImgF_x0+1)) -> 9 | K15: =IF(K$12="","",INDEX(ImgF,ROUND(C$6+K$12*SIN(RADIANS(C15)),0)-ImgF_y0+1,ROUND(C$5+K$12*COS(RADIANS(C15)),0)-ImgF_x0+1)) -> 4 | L15: =MIN(D15:K15) -> 4 | M15: =IF(L15<oscuro,1,0) -> 1 | N15: =oscuro -> 68 | P15: 2 | Q15: =P15*360/360 -> 2 | R15: =IF(R$12="","",INDEX(ImgF,ROUND(Q$6+R$12*SIN(RADIANS(Q15)),0)-ImgF_y0+1,ROUND(Q$5+R$12*COS(RADIANS(Q15)),0)-ImgF_x0+1)) -> 23 | S15: =IF(S$12="","",INDEX(ImgF,ROUND(Q$6+S$12*SIN(RADIANS(Q15)),0)-ImgF_y0+1,ROUND(Q$5+S$12*COS(RADIANS(Q15)),0)-ImgF_x0+1)) -> 28 | T15: =IF(T$12="","",INDEX(ImgF,ROUND(Q$6+T$12*SIN(RADIANS(Q15)),0)-ImgF_y0+1,ROUND(Q$5+T$12*COS(RADIANS(Q15)),0)-ImgF_x0+1)) -> 90 | U15: =IF(U$12="","",INDEX(ImgF,ROUND(Q$6+U$12*SIN(RADIANS(Q15)),0)-ImgF_y0+1,ROUND(Q$5+U$12*COS(RADIANS(Q15)),0)-ImgF_x0+1)) -> 5 | V15: =IF(V$12="","",INDEX(ImgF,ROUND(Q$6+V$12*SIN(RADIANS(Q15)),0)-ImgF_y0+1,ROUND(Q$5+V$12*COS(RADIANS(Q15)),0)-ImgF_x0+1)) -> 10 | W15: =IF(W$12="","",INDEX(ImgF,ROUND(Q$6+W$12*SIN(RADIANS(Q15)),0)-ImgF_y0+1,ROUND(Q$5+W$12*COS(RADIANS(Q15)),0)-ImgF_x0+1)) -> 14 | X15: =IF(X$12="","",INDEX(ImgF,ROUND(Q$6+X$12*SIN(RADIANS(Q15)),0)-ImgF_y0+1,ROUND(Q$5+X$12*COS(RADIANS(Q15)),0)-ImgF_x0+1)) -> 18 | Y15: =IF(Y$12="","",INDEX(ImgF,ROUND(Q$6+Y$12*SIN(RADIANS(Q15)),0)-ImgF_y0+1,ROUND(Q$5+Y$12*COS(RADIANS(Q15)),0)-ImgF_x0+1)) -> 9 | Z15: =MIN(R15:Y15) -> 5 | AA15: =IF(Z15<oscuro,1,0) -> 1 | AB15: =oscuro -> 68
B16: 3 | C16: =B16*360/360 -> 3 | D16: =IF(D$12="","",INDEX(ImgF,ROUND(C$6+D$12*SIN(RADIANS(C16)),0)-ImgF_y0+1,ROUND(C$5+D$12*COS(RADIANS(C16)),0)-ImgF_x0+1)) -> 84 | E16: =IF(E$12="","",INDEX(ImgF,ROUND(C$6+E$12*SIN(RADIANS(C16)),0)-ImgF_y0+1,ROUND(C$5+E$12*COS(RADIANS(C16)),0)-ImgF_x0+1)) -> 14 | F16: =IF(F$12="","",INDEX(ImgF,ROUND(C$6+F$12*SIN(RADIANS(C16)),0)-ImgF_y0+1,ROUND(C$5+F$12*COS(RADIANS(C16)),0)-ImgF_x0+1)) -> 64 | G16: =IF(G$12="","",INDEX(ImgF,ROUND(C$6+G$12*SIN(RADIANS(C16)),0)-ImgF_y0+1,ROUND(C$5+G$12*COS(RADIANS(C16)),0)-ImgF_x0+1)) -> 57 | H16: =IF(H$12="","",INDEX(ImgF,ROUND(C$6+H$12*SIN(RADIANS(C16)),0)-ImgF_y0+1,ROUND(C$5+H$12*COS(RADIANS(C16)),0)-ImgF_x0+1)) -> 17 | I16: =IF(I$12="","",INDEX(ImgF,ROUND(C$6+I$12*SIN(RADIANS(C16)),0)-ImgF_y0+1,ROUND(C$5+I$12*COS(RADIANS(C16)),0)-ImgF_x0+1)) -> 9 | J16: =IF(J$12="","",INDEX(ImgF,ROUND(C$6+J$12*SIN(RADIANS(C16)),0)-ImgF_y0+1,ROUND(C$5+J$12*COS(RADIANS(C16)),0)-ImgF_x0+1)) -> 11 | K16: =IF(K$12="","",INDEX(ImgF,ROUND(C$6+K$12*SIN(RADIANS(C16)),0)-ImgF_y0+1,ROUND(C$5+K$12*COS(RADIANS(C16)),0)-ImgF_x0+1)) -> 21 | L16: =MIN(D16:K16) -> 9 | M16: =IF(L16<oscuro,1,0) -> 1 | N16: =oscuro -> 68 | P16: 3 | Q16: =P16*360/360 -> 3 | R16: =IF(R$12="","",INDEX(ImgF,ROUND(Q$6+R$12*SIN(RADIANS(Q16)),0)-ImgF_y0+1,ROUND(Q$5+R$12*COS(RADIANS(Q16)),0)-ImgF_x0+1)) -> 90 | S16: =IF(S$12="","",INDEX(ImgF,ROUND(Q$6+S$12*SIN(RADIANS(Q16)),0)-ImgF_y0+1,ROUND(Q$5+S$12*COS(RADIANS(Q16)),0)-ImgF_x0+1)) -> 30 | T16: =IF(T$12="","",INDEX(ImgF,ROUND(Q$6+T$12*SIN(RADIANS(Q16)),0)-ImgF_y0+1,ROUND(Q$5+T$12*COS(RADIANS(Q16)),0)-ImgF_x0+1)) -> 5 | U16: =IF(U$12="","",INDEX(ImgF,ROUND(Q$6+U$12*SIN(RADIANS(Q16)),0)-ImgF_y0+1,ROUND(Q$5+U$12*COS(RADIANS(Q16)),0)-ImgF_x0+1)) -> 5 | V16: =IF(V$12="","",INDEX(ImgF,ROUND(Q$6+V$12*SIN(RADIANS(Q16)),0)-ImgF_y0+1,ROUND(Q$5+V$12*COS(RADIANS(Q16)),0)-ImgF_x0+1)) -> 10 | W16: =IF(W$12="","",INDEX(ImgF,ROUND(Q$6+W$12*SIN(RADIANS(Q16)),0)-ImgF_y0+1,ROUND(Q$5+W$12*COS(RADIANS(Q16)),0)-ImgF_x0+1)) -> 14 | X16: =IF(X$12="","",INDEX(ImgF,ROUND(Q$6+X$12*SIN(RADIANS(Q16)),0)-ImgF_y0+1,ROUND(Q$5+X$12*COS(RADIANS(Q16)),0)-ImgF_x0+1)) -> 18 | Y16: =IF(Y$12="","",INDEX(ImgF,ROUND(Q$6+Y$12*SIN(RADIANS(Q16)),0)-ImgF_y0+1,ROUND(Q$5+Y$12*COS(RADIANS(Q16)),0)-ImgF_x0+1)) -> 9 | Z16: =MIN(R16:Y16) -> 5 | AA16: =IF(Z16<oscuro,1,0) -> 1 | AB16: =oscuro -> 68
B17: 4 | C17: =B17*360/360 -> 4 | D17: =IF(D$12="","",INDEX(ImgF,ROUND(C$6+D$12*SIN(RADIANS(C17)),0)-ImgF_y0+1,ROUND(C$5+D$12*COS(RADIANS(C17)),0)-ImgF_x0+1)) -> 84 | E17: =IF(E$12="","",INDEX(ImgF,ROUND(C$6+E$12*SIN(RADIANS(C17)),0)-ImgF_y0+1,ROUND(C$5+E$12*COS(RADIANS(C17)),0)-ImgF_x0+1)) -> 14 | F17: =IF(F$12="","",INDEX(ImgF,ROUND(C$6+F$12*SIN(RADIANS(C17)),0)-ImgF_y0+1,ROUND(C$5+F$12*COS(RADIANS(C17)),0)-ImgF_x0+1)) -> 64 | G17: =IF(G$12="","",INDEX(ImgF,ROUND(C$6+G$12*SIN(RADIANS(C17)),0)-ImgF_y0+1,ROUND(C$5+G$12*COS(RADIANS(C17)),0)-ImgF_x0+1)) -> 57 | H17: =IF(H$12="","",INDEX(ImgF,ROUND(C$6+H$12*SIN(RADIANS(C17)),0)-ImgF_y0+1,ROUND(C$5+H$12*COS(RADIANS(C17)),0)-ImgF_x0+1)) -> 18 | I17: =IF(I$12="","",INDEX(ImgF,ROUND(C$6+I$12*SIN(RADIANS(C17)),0)-ImgF_y0+1,ROUND(C$5+I$12*COS(RADIANS(C17)),0)-ImgF_x0+1)) -> 9 | J17: =IF(J$12="","",INDEX(ImgF,ROUND(C$6+J$12*SIN(RADIANS(C17)),0)-ImgF_y0+1,ROUND(C$5+J$12*COS(RADIANS(C17)),0)-ImgF_x0+1)) -> 14 | K17: =IF(K$12="","",INDEX(ImgF,ROUND(C$6+K$12*SIN(RADIANS(C17)),0)-ImgF_y0+1,ROUND(C$5+K$12*COS(RADIANS(C17)),0)-ImgF_x0+1)) -> 35 | L17: =MIN(D17:K17) -> 9 | M17: =IF(L17<oscuro,1,0) -> 1 | N17: =oscuro -> 68 | P17: 4 | Q17: =P17*360/360 -> 4 | R17: =IF(R$12="","",INDEX(ImgF,ROUND(Q$6+R$12*SIN(RADIANS(Q17)),0)-ImgF_y0+1,ROUND(Q$5+R$12*COS(RADIANS(Q17)),0)-ImgF_x0+1)) -> 86 | S17: =IF(S$12="","",INDEX(ImgF,ROUND(Q$6+S$12*SIN(RADIANS(Q17)),0)-ImgF_y0+1,ROUND(Q$5+S$12*COS(RADIANS(Q17)),0)-ImgF_x0+1)) -> 59 | T17: =IF(T$12="","",INDEX(ImgF,ROUND(Q$6+T$12*SIN(RADIANS(Q17)),0)-ImgF_y0+1,ROUND(Q$5+T$12*COS(RADIANS(Q17)),0)-ImgF_x0+1)) -> 24 | U17: =IF(U$12="","",INDEX(ImgF,ROUND(Q$6+U$12*SIN(RADIANS(Q17)),0)-ImgF_y0+1,ROUND(Q$5+U$12*COS(RADIANS(Q17)),0)-ImgF_x0+1)) -> 10 | V17: =IF(V$12="","",INDEX(ImgF,ROUND(Q$6+V$12*SIN(RADIANS(Q17)),0)-ImgF_y0+1,ROUND(Q$5+V$12*COS(RADIANS(Q17)),0)-ImgF_x0+1)) -> 17 | W17: =IF(W$12="","",INDEX(ImgF,ROUND(Q$6+W$12*SIN(RADIANS(Q17)),0)-ImgF_y0+1,ROUND(Q$5+W$12*COS(RADIANS(Q17)),0)-ImgF_x0+1)) -> 21 | X17: =IF(X$12="","",INDEX(ImgF,ROUND(Q$6+X$12*SIN(RADIANS(Q17)),0)-ImgF_y0+1,ROUND(Q$5+X$12*COS(RADIANS(Q17)),0)-ImgF_x0+1)) -> 19 | Y17: =IF(Y$12="","",INDEX(ImgF,ROUND(Q$6+Y$12*SIN(RADIANS(Q17)),0)-ImgF_y0+1,ROUND(Q$5+Y$12*COS(RADIANS(Q17)),0)-ImgF_x0+1)) -> 17 | Z17: =MIN(R17:Y17) -> 10 | AA17: =IF(Z17<oscuro,1,0) -> 1 | AB17: =oscuro -> 68
B18: 5 | C18: =B18*360/360 -> 5 | D18: =IF(D$12="","",INDEX(ImgF,ROUND(C$6+D$12*SIN(RADIANS(C18)),0)-ImgF_y0+1,ROUND(C$5+D$12*COS(RADIANS(C18)),0)-ImgF_x0+1)) -> 97 | E18: =IF(E$12="","",INDEX(ImgF,ROUND(C$6+E$12*SIN(RADIANS(C18)),0)-ImgF_y0+1,ROUND(C$5+E$12*COS(RADIANS(C18)),0)-ImgF_x0+1)) -> 14 | F18: =IF(F$12="","",INDEX(ImgF,ROUND(C$6+F$12*SIN(RADIANS(C18)),0)-ImgF_y0+1,ROUND(C$5+F$12*COS(RADIANS(C18)),0)-ImgF_x0+1)) -> 71 | G18: =IF(G$12="","",INDEX(ImgF,ROUND(C$6+G$12*SIN(RADIANS(C18)),0)-ImgF_y0+1,ROUND(C$5+G$12*COS(RADIANS(C18)),0)-ImgF_x0+1)) -> 77 | H18: =IF(H$12="","",INDEX(ImgF,ROUND(C$6+H$12*SIN(RADIANS(C18)),0)-ImgF_y0+1,ROUND(C$5+H$12*COS(RADIANS(C18)),0)-ImgF_x0+1)) -> 18 | I18: =IF(I$12="","",INDEX(ImgF,ROUND(C$6+I$12*SIN(RADIANS(C18)),0)-ImgF_y0+1,ROUND(C$5+I$12*COS(RADIANS(C18)),0)-ImgF_x0+1)) -> 9 | J18: =IF(J$12="","",INDEX(ImgF,ROUND(C$6+J$12*SIN(RADIANS(C18)),0)-ImgF_y0+1,ROUND(C$5+J$12*COS(RADIANS(C18)),0)-ImgF_x0+1)) -> 14 | K18: =IF(K$12="","",INDEX(ImgF,ROUND(C$6+K$12*SIN(RADIANS(C18)),0)-ImgF_y0+1,ROUND(C$5+K$12*COS(RADIANS(C18)),0)-ImgF_x0+1)) -> 35 | L18: =MIN(D18:K18) -> 9 | M18: =IF(L18<oscuro,1,0) -> 1 | N18: =oscuro -> 68 | P18: 5 | Q18: =P18*360/360 -> 5 | R18: =IF(R$12="","",INDEX(ImgF,ROUND(Q$6+R$12*SIN(RADIANS(Q18)),0)-ImgF_y0+1,ROUND(Q$5+R$12*COS(RADIANS(Q18)),0)-ImgF_x0+1)) -> 86 | S18: =IF(S$12="","",INDEX(ImgF,ROUND(Q$6+S$12*SIN(RADIANS(Q18)),0)-ImgF_y0+1,ROUND(Q$5+S$12*COS(RADIANS(Q18)),0)-ImgF_x0+1)) -> 59 | T18: =IF(T$12="","",INDEX(ImgF,ROUND(Q$6+T$12*SIN(RADIANS(Q18)),0)-ImgF_y0+1,ROUND(Q$5+T$12*COS(RADIANS(Q18)),0)-ImgF_x0+1)) -> 64 | U18: =IF(U$12="","",INDEX(ImgF,ROUND(Q$6+U$12*SIN(RADIANS(Q18)),0)-ImgF_y0+1,ROUND(Q$5+U$12*COS(RADIANS(Q18)),0)-ImgF_x0+1)) -> 36 | V18: =IF(V$12="","",INDEX(ImgF,ROUND(Q$6+V$12*SIN(RADIANS(Q18)),0)-ImgF_y0+1,ROUND(Q$5+V$12*COS(RADIANS(Q18)),0)-ImgF_x0+1)) -> 24 | W18: =IF(W$12="","",INDEX(ImgF,ROUND(Q$6+W$12*SIN(RADIANS(Q18)),0)-ImgF_y0+1,ROUND(Q$5+W$12*COS(RADIANS(Q18)),0)-ImgF_x0+1)) -> 19 | X18: =IF(X$12="","",INDEX(ImgF,ROUND(Q$6+X$12*SIN(RADIANS(Q18)),0)-ImgF_y0+1,ROUND(Q$5+X$12*COS(RADIANS(Q18)),0)-ImgF_x0+1)) -> 12 | Y18: =IF(Y$12="","",INDEX(ImgF,ROUND(Q$6+Y$12*SIN(RADIANS(Q18)),0)-ImgF_y0+1,ROUND(Q$5+Y$12*COS(RADIANS(Q18)),0)-ImgF_x0+1)) -> 11 | Z18: =MIN(R18:Y18) -> 11 | AA18: =IF(Z18<oscuro,1,0) -> 1 | AB18: =oscuro -> 68
B19: 6 | C19: =B19*360/360 -> 6 | D19: =IF(D$12="","",INDEX(ImgF,ROUND(C$6+D$12*SIN(RADIANS(C19)),0)-ImgF_y0+1,ROUND(C$5+D$12*COS(RADIANS(C19)),0)-ImgF_x0+1)) -> 94 | E19: =IF(E$12="","",INDEX(ImgF,ROUND(C$6+E$12*SIN(RADIANS(C19)),0)-ImgF_y0+1,ROUND(C$5+E$12*COS(RADIANS(C19)),0)-ImgF_x0+1)) -> 19 | F19: =IF(F$12="","",INDEX(ImgF,ROUND(C$6+F$12*SIN(RADIANS(C19)),0)-ImgF_y0+1,ROUND(C$5+F$12*COS(RADIANS(C19)),0)-ImgF_x0+1)) -> 52 | G19: =IF(G$12="","",INDEX(ImgF,ROUND(C$6+G$12*SIN(RADIANS(C19)),0)-ImgF_y0+1,ROUND(C$5+G$12*COS(RADIANS(C19)),0)-ImgF_x0+1)) -> 85 | H19: =IF(H$12="","",INDEX(ImgF,ROUND(C$6+H$12*SIN(RADIANS(C19)),0)-ImgF_y0+1,ROUND(C$5+H$12*COS(RADIANS(C19)),0)-ImgF_x0+1)) -> 25 | I19: =IF(I$12="","",INDEX(ImgF,ROUND(C$6+I$12*SIN(RADIANS(C19)),0)-ImgF_y0+1,ROUND(C$5+I$12*COS(RADIANS(C19)),0)-ImgF_x0+1)) -> 14 | J19: =IF(J$12="","",INDEX(ImgF,ROUND(C$6+J$12*SIN(RADIANS(C19)),0)-ImgF_y0+1,ROUND(C$5+J$12*COS(RADIANS(C19)),0)-ImgF_x0+1)) -> 16 | K19: =IF(K$12="","",INDEX(ImgF,ROUND(C$6+K$12*SIN(RADIANS(C19)),0)-ImgF_y0+1,ROUND(C$5+K$12*COS(RADIANS(C19)),0)-ImgF_x0+1)) -> 24 | L19: =MIN(D19:K19) -> 14 | M19: =IF(L19<oscuro,1,0) -> 1 | N19: =oscuro -> 68 | P19: 6 | Q19: =P19*360/360 -> 6 | R19: =IF(R$12="","",INDEX(ImgF,ROUND(Q$6+R$12*SIN(RADIANS(Q19)),0)-ImgF_y0+1,ROUND(Q$5+R$12*COS(RADIANS(Q19)),0)-ImgF_x0+1)) -> 50 | S19: =IF(S$12="","",INDEX(ImgF,ROUND(Q$6+S$12*SIN(RADIANS(Q19)),0)-ImgF_y0+1,ROUND(Q$5+S$12*COS(RADIANS(Q19)),0)-ImgF_x0+1)) -> 60 | T19: =IF(T$12="","",INDEX(ImgF,ROUND(Q$6+T$12*SIN(RADIANS(Q19)),0)-ImgF_y0+1,ROUND(Q$5+T$12*COS(RADIANS(Q19)),0)-ImgF_x0+1)) -> 64 | U19: =IF(U$12="","",INDEX(ImgF,ROUND(Q$6+U$12*SIN(RADIANS(Q19)),0)-ImgF_y0+1,ROUND(Q$5+U$12*COS(RADIANS(Q19)),0)-ImgF_x0+1)) -> 36 | V19: =IF(V$12="","",INDEX(ImgF,ROUND(Q$6+V$12*SIN(RADIANS(Q19)),0)-ImgF_y0+1,ROUND(Q$5+V$12*COS(RADIANS(Q19)),0)-ImgF_x0+1)) -> 24 | W19: =IF(W$12="","",INDEX(ImgF,ROUND(Q$6+W$12*SIN(RADIANS(Q19)),0)-ImgF_y0+1,ROUND(Q$5+W$12*COS(RADIANS(Q19)),0)-ImgF_x0+1)) -> 17 | X19: =IF(X$12="","",INDEX(ImgF,ROUND(Q$6+X$12*SIN(RADIANS(Q19)),0)-ImgF_y0+1,ROUND(Q$5+X$12*COS(RADIANS(Q19)),0)-ImgF_x0+1)) -> 15 | Y19: =IF(Y$12="","",INDEX(ImgF,ROUND(Q$6+Y$12*SIN(RADIANS(Q19)),0)-ImgF_y0+1,ROUND(Q$5+Y$12*COS(RADIANS(Q19)),0)-ImgF_x0+1)) -> 12 | Z19: =MIN(R19:Y19) -> 12 | AA19: =IF(Z19<oscuro,1,0) -> 1 | AB19: =oscuro -> 68
B20: 7 | C20: =B20*360/360 -> 7 | D20: =IF(D$12="","",INDEX(ImgF,ROUND(C$6+D$12*SIN(RADIANS(C20)),0)-ImgF_y0+1,ROUND(C$5+D$12*COS(RADIANS(C20)),0)-ImgF_x0+1)) -> 94 | E20: =IF(E$12="","",INDEX(ImgF,ROUND(C$6+E$12*SIN(RADIANS(C20)),0)-ImgF_y0+1,ROUND(C$5+E$12*COS(RADIANS(C20)),0)-ImgF_x0+1)) -> 19 | F20: =IF(F$12="","",INDEX(ImgF,ROUND(C$6+F$12*SIN(RADIANS(C20)),0)-ImgF_y0+1,ROUND(C$5+F$12*COS(RADIANS(C20)),0)-ImgF_x0+1)) -> 52 | G20: =IF(G$12="","",INDEX(ImgF,ROUND(C$6+G$12*SIN(RADIANS(C20)),0)-ImgF_y0+1,ROUND(C$5+G$12*COS(RADIANS(C20)),0)-ImgF_x0+1)) -> 79 | H20: =IF(H$12="","",INDEX(ImgF,ROUND(C$6+H$12*SIN(RADIANS(C20)),0)-ImgF_y0+1,ROUND(C$5+H$12*COS(RADIANS(C20)),0)-ImgF_x0+1)) -> 24 | I20: =IF(I$12="","",INDEX(ImgF,ROUND(C$6+I$12*SIN(RADIANS(C20)),0)-ImgF_y0+1,ROUND(C$5+I$12*COS(RADIANS(C20)),0)-ImgF_x0+1)) -> 8 | J20: =IF(J$12="","",INDEX(ImgF,ROUND(C$6+J$12*SIN(RADIANS(C20)),0)-ImgF_y0+1,ROUND(C$5+J$12*COS(RADIANS(C20)),0)-ImgF_x0+1)) -> 8 | K20: =IF(K$12="","",INDEX(ImgF,ROUND(C$6+K$12*SIN(RADIANS(C20)),0)-ImgF_y0+1,ROUND(C$5+K$12*COS(RADIANS(C20)),0)-ImgF_x0+1)) -> 16 | L20: =MIN(D20:K20) -> 8 | M20: =IF(L20<oscuro,1,0) -> 1 | N20: =oscuro -> 68 | P20: 7 | Q20: =P20*360/360 -> 7 | R20: =IF(R$12="","",INDEX(ImgF,ROUND(Q$6+R$12*SIN(RADIANS(Q20)),0)-ImgF_y0+1,ROUND(Q$5+R$12*COS(RADIANS(Q20)),0)-ImgF_x0+1)) -> 60 | S20: =IF(S$12="","",INDEX(ImgF,ROUND(Q$6+S$12*SIN(RADIANS(Q20)),0)-ImgF_y0+1,ROUND(Q$5+S$12*COS(RADIANS(Q20)),0)-ImgF_x0+1)) -> 63 | T20: =IF(T$12="","",INDEX(ImgF,ROUND(Q$6+T$12*SIN(RADIANS(Q20)),0)-ImgF_y0+1,ROUND(Q$5+T$12*COS(RADIANS(Q20)),0)-ImgF_x0+1)) -> 65 | U20: =IF(U$12="","",INDEX(ImgF,ROUND(Q$6+U$12*SIN(RADIANS(Q20)),0)-ImgF_y0+1,ROUND(Q$5+U$12*COS(RADIANS(Q20)),0)-ImgF_x0+1)) -> 56 | V20: =IF(V$12="","",INDEX(ImgF,ROUND(Q$6+V$12*SIN(RADIANS(Q20)),0)-ImgF_y0+1,ROUND(Q$5+V$12*COS(RADIANS(Q20)),0)-ImgF_x0+1)) -> 40 | W20: =IF(W$12="","",INDEX(ImgF,ROUND(Q$6+W$12*SIN(RADIANS(Q20)),0)-ImgF_y0+1,ROUND(Q$5+W$12*COS(RADIANS(Q20)),0)-ImgF_x0+1)) -> 17 | X20: =IF(X$12="","",INDEX(ImgF,ROUND(Q$6+X$12*SIN(RADIANS(Q20)),0)-ImgF_y0+1,ROUND(Q$5+X$12*COS(RADIANS(Q20)),0)-ImgF_x0+1)) -> 15 | Y20: =IF(Y$12="","",INDEX(ImgF,ROUND(Q$6+Y$12*SIN(RADIANS(Q20)),0)-ImgF_y0+1,ROUND(Q$5+Y$12*COS(RADIANS(Q20)),0)-ImgF_x0+1)) -> 12 | Z20: =MIN(R20:Y20) -> 12 | AA20: =IF(Z20<oscuro,1,0) -> 1 | AB20: =oscuro -> 68
B21: 8 | C21: =B21*360/360 -> 8 | D21: =IF(D$12="","",INDEX(ImgF,ROUND(C$6+D$12*SIN(RADIANS(C21)),0)-ImgF_y0+1,ROUND(C$5+D$12*COS(RADIANS(C21)),0)-ImgF_x0+1)) -> 150 | E21: =IF(E$12="","",INDEX(ImgF,ROUND(C$6+E$12*SIN(RADIANS(C21)),0)-ImgF_y0+1,ROUND(C$5+E$12*COS(RADIANS(C21)),0)-ImgF_x0+1)) -> 111 | F21: =IF(F$12="","",INDEX(ImgF,ROUND(C$6+F$12*SIN(RADIANS(C21)),0)-ImgF_y0+1,ROUND(C$5+F$12*COS(RADIANS(C21)),0)-ImgF_x0+1)) -> 29 | G21: =IF(G$12="","",INDEX(ImgF,ROUND(C$6+G$12*SIN(RADIANS(C21)),0)-ImgF_y0+1,ROUND(C$5+G$12*COS(RADIANS(C21)),0)-ImgF_x0+1)) -> 46 | H21: =IF(H$12="","",INDEX(ImgF,ROUND(C$6+H$12*SIN(RADIANS(C21)),0)-ImgF_y0+1,ROUND(C$5+H$12*COS(RADIANS(C21)),0)-ImgF_x0+1)) -> 79 | I21: =IF(I$12="","",INDEX(ImgF,ROUND(C$6+I$12*SIN(RADIANS(C21)),0)-ImgF_y0+1,ROUND(C$5+I$12*COS(RADIANS(C21)),0)-ImgF_x0+1)) -> 24 | J21: =IF(J$12="","",INDEX(ImgF,ROUND(C$6+J$12*SIN(RADIANS(C21)),0)-ImgF_y0+1,ROUND(C$5+J$12*COS(RADIANS(C21)),0)-ImgF_x0+1)) -> 8 | K21: =IF(K$12="","",INDEX(ImgF,ROUND(C$6+K$12*SIN(RADIANS(C21)),0)-ImgF_y0+1,ROUND(C$5+K$12*COS(RADIANS(C21)),0)-ImgF_x0+1)) -> 14 | L21: =MIN(D21:K21) -> 8 | M21: =IF(L21<oscuro,1,0) -> 1 | N21: =oscuro -> 68 | P21: 8 | Q21: =P21*360/360 -> 8 | R21: =IF(R$12="","",INDEX(ImgF,ROUND(Q$6+R$12*SIN(RADIANS(Q21)),0)-ImgF_y0+1,ROUND(Q$5+R$12*COS(RADIANS(Q21)),0)-ImgF_x0+1)) -> 60 | S21: =IF(S$12="","",INDEX(ImgF,ROUND(Q$6+S$12*SIN(RADIANS(Q21)),0)-ImgF_y0+1,ROUND(Q$5+S$12*COS(RADIANS(Q21)),0)-ImgF_x0+1)) -> 63 | T21: =IF(T$12="","",INDEX(ImgF,ROUND(Q$6+T$12*SIN(RADIANS(Q21)),0)-ImgF_y0+1,ROUND(Q$5+T$12*COS(RADIANS(Q21)),0)-ImgF_x0+1)) -> 72 | U21: =IF(U$12="","",INDEX(ImgF,ROUND(Q$6+U$12*SIN(RADIANS(Q21)),0)-ImgF_y0+1,ROUND(Q$5+U$12*COS(RADIANS(Q21)),0)-ImgF_x0+1)) -> 71 | V21: =IF(V$12="","",INDEX(ImgF,ROUND(Q$6+V$12*SIN(RADIANS(Q21)),0)-ImgF_y0+1,ROUND(Q$5+V$12*COS(RADIANS(Q21)),0)-ImgF_x0+1)) -> 64 | W21: =IF(W$12="","",INDEX(ImgF,ROUND(Q$6+W$12*SIN(RADIANS(Q21)),0)-ImgF_y0+1,ROUND(Q$5+W$12*COS(RADIANS(Q21)),0)-ImgF_x0+1)) -> 36 | X21: =IF(X$12="","",INDEX(ImgF,ROUND(Q$6+X$12*SIN(RADIANS(Q21)),0)-ImgF_y0+1,ROUND(Q$5+X$12*COS(RADIANS(Q21)),0)-ImgF_x0+1)) -> 16 | Y21: =IF(Y$12="","",INDEX(ImgF,ROUND(Q$6+Y$12*SIN(RADIANS(Q21)),0)-ImgF_y0+1,ROUND(Q$5+Y$12*COS(RADIANS(Q21)),0)-ImgF_x0+1)) -> 4 | Z21: =MIN(R21:Y21) -> 4 | AA21: =IF(Z21<oscuro,1,0) -> 1 | AB21: =oscuro -> 68
B22: 9 | C22: =B22*360/360 -> 9 | D22: =IF(D$12="","",INDEX(ImgF,ROUND(C$6+D$12*SIN(RADIANS(C22)),0)-ImgF_y0+1,ROUND(C$5+D$12*COS(RADIANS(C22)),0)-ImgF_x0+1)) -> 150 | E22: =IF(E$12="","",INDEX(ImgF,ROUND(C$6+E$12*SIN(RADIANS(C22)),0)-ImgF_y0+1,ROUND(C$5+E$12*COS(RADIANS(C22)),0)-ImgF_x0+1)) -> 117 | F22: =IF(F$12="","",INDEX(ImgF,ROUND(C$6+F$12*SIN(RADIANS(C22)),0)-ImgF_y0+1,ROUND(C$5+F$12*COS(RADIANS(C22)),0)-ImgF_x0+1)) -> 32 | G22: =IF(G$12="","",INDEX(ImgF,ROUND(C$6+G$12*SIN(RADIANS(C22)),0)-ImgF_y0+1,ROUND(C$5+G$12*COS(RADIANS(C22)),0)-ImgF_x0+1)) -> 33 | H22: =IF(H$12="","",INDEX(ImgF,ROUND(C$6+H$12*SIN(RADIANS(C22)),0)-ImgF_y0+1,ROUND(C$5+H$12*COS(RADIANS(C22)),0)-ImgF_x0+1)) -> 85 | I22: =IF(I$12="","",INDEX(ImgF,ROUND(C$6+I$12*SIN(RADIANS(C22)),0)-ImgF_y0+1,ROUND(C$5+I$12*COS(RADIANS(C22)),0)-ImgF_x0+1)) -> 24 | J22: =IF(J$12="","",INDEX(ImgF,ROUND(C$6+J$12*SIN(RADIANS(C22)),0)-ImgF_y0+1,ROUND(C$5+J$12*COS(RADIANS(C22)),0)-ImgF_x0+1)) -> 8 | K22: =IF(K$12="","",INDEX(ImgF,ROUND(C$6+K$12*SIN(RADIANS(C22)),0)-ImgF_y0+1,ROUND(C$5+K$12*COS(RADIANS(C22)),0)-ImgF_x0+1)) -> 15 | L22: =MIN(D22:K22) -> 8 | M22: =IF(L22<oscuro,1,0) -> 1 | N22: =oscuro -> 68 | P22: 9 | Q22: =P22*360/360 -> 9 | R22: =IF(R$12="","",INDEX(ImgF,ROUND(Q$6+R$12*SIN(RADIANS(Q22)),0)-ImgF_y0+1,ROUND(Q$5+R$12*COS(RADIANS(Q22)),0)-ImgF_x0+1)) -> 73 | S22: =IF(S$12="","",INDEX(ImgF,ROUND(Q$6+S$12*SIN(RADIANS(Q22)),0)-ImgF_y0+1,ROUND(Q$5+S$12*COS(RADIANS(Q22)),0)-ImgF_x0+1)) -> 70 | T22: =IF(T$12="","",INDEX(ImgF,ROUND(Q$6+T$12*SIN(RADIANS(Q22)),0)-ImgF_y0+1,ROUND(Q$5+T$12*COS(RADIANS(Q22)),0)-ImgF_x0+1)) -> 72 | U22: =IF(U$12="","",INDEX(ImgF,ROUND(Q$6+U$12*SIN(RADIANS(Q22)),0)-ImgF_y0+1,ROUND(Q$5+U$12*COS(RADIANS(Q22)),0)-ImgF_x0+1)) -> 71 | V22: =IF(V$12="","",INDEX(ImgF,ROUND(Q$6+V$12*SIN(RADIANS(Q22)),0)-ImgF_y0+1,ROUND(Q$5+V$12*COS(RADIANS(Q22)),0)-ImgF_x0+1)) -> 73 | W22: =IF(W$12="","",INDEX(ImgF,ROUND(Q$6+W$12*SIN(RADIANS(Q22)),0)-ImgF_y0+1,ROUND(Q$5+W$12*COS(RADIANS(Q22)),0)-ImgF_x0+1)) -> 61 | X22: =IF(X$12="","",INDEX(ImgF,ROUND(Q$6+X$12*SIN(RADIANS(Q22)),0)-ImgF_y0+1,ROUND(Q$5+X$12*COS(RADIANS(Q22)),0)-ImgF_x0+1)) -> 46 | Y22: =IF(Y$12="","",INDEX(ImgF,ROUND(Q$6+Y$12*SIN(RADIANS(Q22)),0)-ImgF_y0+1,ROUND(Q$5+Y$12*COS(RADIANS(Q22)),0)-ImgF_x0+1)) -> 21 | Z22: =MIN(R22:Y22) -> 21 | AA22: =IF(Z22<oscuro,1,0) -> 1 | AB22: =oscuro -> 68
B23: 10 | C23: =B23*360/360 -> 10 | D23: =IF(D$12="","",INDEX(ImgF,ROUND(C$6+D$12*SIN(RADIANS(C23)),0)-ImgF_y0+1,ROUND(C$5+D$12*COS(RADIANS(C23)),0)-ImgF_x0+1)) -> 144 | E23: =IF(E$12="","",INDEX(ImgF,ROUND(C$6+E$12*SIN(RADIANS(C23)),0)-ImgF_y0+1,ROUND(C$5+E$12*COS(RADIANS(C23)),0)-ImgF_x0+1)) -> 117 | F23: =IF(F$12="","",INDEX(ImgF,ROUND(C$6+F$12*SIN(RADIANS(C23)),0)-ImgF_y0+1,ROUND(C$5+F$12*COS(RADIANS(C23)),0)-ImgF_x0+1)) -> 32 | G23: =IF(G$12="","",INDEX(ImgF,ROUND(C$6+G$12*SIN(RADIANS(C23)),0)-ImgF_y0+1,ROUND(C$5+G$12*COS(RADIANS(C23)),0)-ImgF_x0+1)) -> 37 | H23: =IF(H$12="","",INDEX(ImgF,ROUND(C$6+H$12*SIN(RADIANS(C23)),0)-ImgF_y0+1,ROUND(C$5+H$12*COS(RADIANS(C23)),0)-ImgF_x0+1)) -> 88 | I23: =IF(I$12="","",INDEX(ImgF,ROUND(C$6+I$12*SIN(RADIANS(C23)),0)-ImgF_y0+1,ROUND(C$5+I$12*COS(RADIANS(C23)),0)-ImgF_x0+1)) -> 25 | J23: =IF(J$12="","",INDEX(ImgF,ROUND(C$6+J$12*SIN(RADIANS(C23)),0)-ImgF_y0+1,ROUND(C$5+J$12*COS(RADIANS(C23)),0)-ImgF_x0+1)) -> 9 | K23: =IF(K$12="","",INDEX(ImgF,ROUND(C$6+K$12*SIN(RADIANS(C23)),0)-ImgF_y0+1,ROUND(C$5+K$12*COS(RADIANS(C23)),0)-ImgF_x0+1)) -> 15 | L23: =MIN(D23:K23) -> 9 | M23: =IF(L23<oscuro,1,0) -> 1 | N23: =oscuro -> 68 | P23: 10 | Q23: =P23*360/360 -> 10 | R23: =IF(R$12="","",INDEX(ImgF,ROUND(Q$6+R$12*SIN(RADIANS(Q23)),0)-ImgF_y0+1,ROUND(Q$5+R$12*COS(RADIANS(Q23)),0)-ImgF_x0+1)) -> 85 | S23: =IF(S$12="","",INDEX(ImgF,ROUND(Q$6+S$12*SIN(RADIANS(Q23)),0)-ImgF_y0+1,ROUND(Q$5+S$12*COS(RADIANS(Q23)),0)-ImgF_x0+1)) -> 80 | T23: =IF(T$12="","",INDEX(ImgF,ROUND(Q$6+T$12*SIN(RADIANS(Q23)),0)-ImgF_y0+1,ROUND(Q$5+T$12*COS(RADIANS(Q23)),0)-ImgF_x0+1)) -> 77 | U23: =IF(U$12="","",INDEX(ImgF,ROUND(Q$6+U$12*SIN(RADIANS(Q23)),0)-ImgF_y0+1,ROUND(Q$5+U$12*COS(RADIANS(Q23)),0)-ImgF_x0+1)) -> 75 | V23: =IF(V$12="","",INDEX(ImgF,ROUND(Q$6+V$12*SIN(RADIANS(Q23)),0)-ImgF_y0+1,ROUND(Q$5+V$12*COS(RADIANS(Q23)),0)-ImgF_x0+1)) -> 73 | W23: =IF(W$12="","",INDEX(ImgF,ROUND(Q$6+W$12*SIN(RADIANS(Q23)),0)-ImgF_y0+1,ROUND(Q$5+W$12*COS(RADIANS(Q23)),0)-ImgF_x0+1)) -> 61 | X23: =IF(X$12="","",INDEX(ImgF,ROUND(Q$6+X$12*SIN(RADIANS(Q23)),0)-ImgF_y0+1,ROUND(Q$5+X$12*COS(RADIANS(Q23)),0)-ImgF_x0+1)) -> 75 | Y23: =IF(Y$12="","",INDEX(ImgF,ROUND(Q$6+Y$12*SIN(RADIANS(Q23)),0)-ImgF_y0+1,ROUND(Q$5+Y$12*COS(RADIANS(Q23)),0)-ImgF_x0+1)) -> 58 | Z23: =MIN(R23:Y23) -> 58 | AA23: =IF(Z23<oscuro,1,0) -> 1 | AB23: =oscuro -> 68
B24: 11 | C24: =B24*360/360 -> 11 | D24: =IF(D$12="","",INDEX(ImgF,ROUND(C$6+D$12*SIN(RADIANS(C24)),0)-ImgF_y0+1,ROUND(C$5+D$12*COS(RADIANS(C24)),0)-ImgF_x0+1)) -> 149 | E24: =IF(E$12="","",INDEX(ImgF,ROUND(C$6+E$12*SIN(RADIANS(C24)),0)-ImgF_y0+1,ROUND(C$5+E$12*COS(RADIANS(C24)),0)-ImgF_x0+1)) -> 125 | F24: =IF(F$12="","",INDEX(ImgF,ROUND(C$6+F$12*SIN(RADIANS(C24)),0)-ImgF_y0+1,ROUND(C$5+F$12*COS(RADIANS(C24)),0)-ImgF_x0+1)) -> 52 | G24: =IF(G$12="","",INDEX(ImgF,ROUND(C$6+G$12*SIN(RADIANS(C24)),0)-ImgF_y0+1,ROUND(C$5+G$12*COS(RADIANS(C24)),0)-ImgF_x0+1)) -> 37 | H24: =IF(H$12="","",INDEX(ImgF,ROUND(C$6+H$12*SIN(RADIANS(C24)),0)-ImgF_y0+1,ROUND(C$5+H$12*COS(RADIANS(C24)),0)-ImgF_x0+1)) -> 88 | I24: =IF(I$12="","",INDEX(ImgF,ROUND(C$6+I$12*SIN(RADIANS(C24)),0)-ImgF_y0+1,ROUND(C$5+I$12*COS(RADIANS(C24)),0)-ImgF_x0+1)) -> 25 | J24: =IF(J$12="","",INDEX(ImgF,ROUND(C$6+J$12*SIN(RADIANS(C24)),0)-ImgF_y0+1,ROUND(C$5+J$12*COS(RADIANS(C24)),0)-ImgF_x0+1)) -> 9 | K24: =IF(K$12="","",INDEX(ImgF,ROUND(C$6+K$12*SIN(RADIANS(C24)),0)-ImgF_y0+1,ROUND(C$5+K$12*COS(RADIANS(C24)),0)-ImgF_x0+1)) -> 17 | L24: =MIN(D24:K24) -> 9 | M24: =IF(L24<oscuro,1,0) -> 1 | N24: =oscuro -> 68 | P24: 11 | Q24: =P24*360/360 -> 11 | R24: =IF(R$12="","",INDEX(ImgF,ROUND(Q$6+R$12*SIN(RADIANS(Q24)),0)-ImgF_y0+1,ROUND(Q$5+R$12*COS(RADIANS(Q24)),0)-ImgF_x0+1)) -> 85 | S24: =IF(S$12="","",INDEX(ImgF,ROUND(Q$6+S$12*SIN(RADIANS(Q24)),0)-ImgF_y0+1,ROUND(Q$5+S$12*COS(RADIANS(Q24)),0)-ImgF_x0+1)) -> 80 | T24: =IF(T$12="","",INDEX(ImgF,ROUND(Q$6+T$12*SIN(RADIANS(Q24)),0)-ImgF_y0+1,ROUND(Q$5+T$12*COS(RADIANS(Q24)),0)-ImgF_x0+1)) -> 77 | U24: =IF(U$12="","",INDEX(ImgF,ROUND(Q$6+U$12*SIN(RADIANS(Q24)),0)-ImgF_y0+1,ROUND(Q$5+U$12*COS(RADIANS(Q24)),0)-ImgF_x0+1)) -> 77 | V24: =IF(V$12="","",INDEX(ImgF,ROUND(Q$6+V$12*SIN(RADIANS(Q24)),0)-ImgF_y0+1,ROUND(Q$5+V$12*COS(RADIANS(Q24)),0)-ImgF_x0+1)) -> 75 | W24: =IF(W$12="","",INDEX(ImgF,ROUND(Q$6+W$12*SIN(RADIANS(Q24)),0)-ImgF_y0+1,ROUND(Q$5+W$12*COS(RADIANS(Q24)),0)-ImgF_x0+1)) -> 75 | X24: =IF(X$12="","",INDEX(ImgF,ROUND(Q$6+X$12*SIN(RADIANS(Q24)),0)-ImgF_y0+1,ROUND(Q$5+X$12*COS(RADIANS(Q24)),0)-ImgF_x0+1)) -> 78 | Y24: =IF(Y$12="","",INDEX(ImgF,ROUND(Q$6+Y$12*SIN(RADIANS(Q24)),0)-ImgF_y0+1,ROUND(Q$5+Y$12*COS(RADIANS(Q24)),0)-ImgF_x0+1)) -> 80 | Z24: =MIN(R24:Y24) -> 75 | AA24: =IF(Z24<oscuro,1,0) -> 0 | AB24: =oscuro -> 68
... B372: 359 | C372: =B372*360/360 -> 359 | D372: =IF(D$12="","",INDEX(ImgF,ROUND(C$6+D$12*SIN(RADIANS(C372)),0)-ImgF_y0+1,ROUND(C$5+D$12*COS(RADIANS(C372)),0)-ImgF_x0+1)) -> 44 | E372: =IF(E$12="","",INDEX(ImgF,ROUND(C$6+E$12*SIN(RADIANS(C372)),0)-ImgF_y0+1,ROUND(C$5+E$12*COS(RADIANS(C372)),0)-ImgF_x0+1)) -> 33 | F372: =IF(F$12="","",INDEX(ImgF,ROUND(C$6+F$12*SIN(RADIANS(C372)),0)-ImgF_y0+1,ROUND(C$5+F$12*COS(RADIANS(C372)),0)-ImgF_x0+1)) -> 73 | G372: =IF(G$12="","",INDEX(ImgF,ROUND(C$6+G$12*SIN(RADIANS(C372)),0)-ImgF_y0+1,ROUND(C$5+G$12*COS(RADIANS(C372)),0)-ImgF_x0+1)) -> 32 | H372: =IF(H$12="","",INDEX(ImgF,ROUND(C$6+H$12*SIN(RADIANS(C372)),0)-ImgF_y0+1,ROUND(C$5+H$12*COS(RADIANS(C372)),0)-ImgF_x0+1)) -> 15 | I372: =IF(I$12="","",INDEX(ImgF,ROUND(C$6+I$12*SIN(RADIANS(C372)),0)-ImgF_y0+1,ROUND(C$5+I$12*COS(RADIANS(C372)),0)-ImgF_x0+1)) -> 11 | J372: =IF(J$12="","",INDEX(ImgF,ROUND(C$6+J$12*SIN(RADIANS(C372)),0)-ImgF_y0+1,ROUND(C$5+J$12*COS(RADIANS(C372)),0)-ImgF_x0+1)) -> 26 | K372: =IF(K$12="","",INDEX(ImgF,ROUND(C$6+K$12*SIN(RADIANS(C372)),0)-ImgF_y0+1,ROUND(C$5+K$12*COS(RADIANS(C372)),0)-ImgF_x0+1)) -> 44 | L372: =MIN(D372:K372) -> 11 | M372: =IF(L372<oscuro,1,0) -> 1 | N372: =oscuro -> 68 | P372: 359 | Q372: =P372*360/360 -> 359 | R372: =IF(R$12="","",INDEX(ImgF,ROUND(Q$6+R$12*SIN(RADIANS(Q372)),0)-ImgF_y0+1,ROUND(Q$5+R$12*COS(RADIANS(Q372)),0)-ImgF_x0+1)) -> 46 | S372: =IF(S$12="","",INDEX(ImgF,ROUND(Q$6+S$12*SIN(RADIANS(Q372)),0)-ImgF_y0+1,ROUND(Q$5+S$12*COS(RADIANS(Q372)),0)-ImgF_x0+1)) -> 145 | T372: =IF(T$12="","",INDEX(ImgF,ROUND(Q$6+T$12*SIN(RADIANS(Q372)),0)-ImgF_y0+1,ROUND(Q$5+T$12*COS(RADIANS(Q372)),0)-ImgF_x0+1)) -> 157 | U372: =IF(U$12="","",INDEX(ImgF,ROUND(Q$6+U$12*SIN(RADIANS(Q372)),0)-ImgF_y0+1,ROUND(Q$5+U$12*COS(RADIANS(Q372)),0)-ImgF_x0+1)) -> 118 | V372: =IF(V$12="","",INDEX(ImgF,ROUND(Q$6+V$12*SIN(RADIANS(Q372)),0)-ImgF_y0+1,ROUND(Q$5+V$12*COS(RADIANS(Q372)),0)-ImgF_x0+1)) -> 26 | W372: =IF(W$12="","",INDEX(ImgF,ROUND(Q$6+W$12*SIN(RADIANS(Q372)),0)-ImgF_y0+1,ROUND(Q$5+W$12*COS(RADIANS(Q372)),0)-ImgF_x0+1)) -> 0 | X372: =IF(X$12="","",INDEX(ImgF,ROUND(Q$6+X$12*SIN(RADIANS(Q372)),0)-ImgF_y0+1,ROUND(Q$5+X$12*COS(RADIANS(Q372)),0)-ImgF_x0+1)) -> 15 | Y372: =IF(Y$12="","",INDEX(ImgF,ROUND(Q$6+Y$12*SIN(RADIANS(Q372)),0)-ImgF_y0+1,ROUND(Q$5+Y$12*COS(RADIANS(Q372)),0)-ImgF_x0+1)) -> 57 | Z372: =MIN(R372:Y372) -> 0 | AA372: =IF(Z372<oscuro,1,0) -> 1 | AB372: =oscuro -> 68

Sheet Img_6035
A1: Imagen gris a resolución completa — cuadro 6035 (siguiente)
A2: x0 | B2: 300 | D2: y0 | E2: 112 | G2: Fila 3 = x (px), columna B = y (px). Valor = nivel de gris 0–255.
C3: 300 | D3: 301 | E3: 302 | F3: 303 | G3: 304 | H3: 305 | I3: 306 | J3: 307 | K3: 308 | L3: 309 | M3: 310 | N3: 311 | O3: 312 | P3: 313 | Q3: 314 | R3: 315 | S3: 316 | T3: 317 | U3: 318 | V3: 319 | W3: 320 | X3: 321 | Y3: 322 | Z3: 323 | AA3: 324 | AB3: 325 | AC3: 326 | AD3: 327 | AE3: 328 | AF3: 329 | AG3: 330 | AH3: 331 | AI3: 332 | AJ3: 333 | AK3: 334 | AL3: 335 | AM3: 336 | AN3: 337 | AO3: 338 | AP3: 339 | AQ3: 340 | AR3: 341 | AS3: 342 | AT3: 343 | AU3: 344 | AV3: 345 | AW3: 346 | AX3: 347 | AY3: 348 | AZ3: 349 | BA3: 350 | BB3: 351 | BC3: 352 | BD3: 353 | BE3: 354 | BF3: 355 | BG3: 356 | BH3: 357 | BI3: 358 | BJ3: 359 | BK3: 360 | BL3: 361 | BM3: 362 | BN3: 363 | BO3: 364 | BP3: 365 | BQ3: 366 | BR3: 367 | BS3: 368 | BT3: 369 | BU3: 370 | BV3: 371 | BW3: 372 | BX3: 373 | BY3: 374 | BZ3: 375 | CA3: 376 | CB3: 377 | CC3: 378 | CD3: 379 | CE3: 380 | CF3: 381 | CG3: 382 | CH3: 383 | CI3: 384 | CJ3: 385 | CK3: 386 | CL3: 387 | CM3: 388 | CN3: 389 | CO3: 390 | CP3: 391 | CQ3: 392 | CR3: 393 | CS3: 394 | CT3: 395 | CU3: 396 | CV3: 397 | CW3: 398 | CX3: 399 | CY3: 400 | CZ3: 401 | DA3: 402 | DB3: 403 | DC3: 404 | DD3: 405 | DE3: 406
B4: 112 | C4: 20 | D4: 12 | E4: 17 | F4: 25 | G4: 25 | H4: 10 | I4: 58 | J4: 144 | K4: 152 | L4: 78 | M4: 17 | N4: 13 | O4: 16 | P4: 17 | Q4: 17 | R4: 17 | S4: 17 | T4: 17 | U4: 14 | V4: 11 | W4: 7 | X4: 14 | Y4: 16 | Z4: 17 | AA4: 17 | AB4: 9 | AC4: 1 | AD4: 4 | AE4: 10 | AF4: 2 | AG4: 4 | AH4: 1 | AI4: 4 | AJ4: 0 | AK4: 21 | AL4: 0 | AM4: 52 | AN4: 63 | AO4: 85 | AP4: 100 | AQ4: 70 | AR4: 35 | AS4: 84 | AT4: 74 | AU4: 72 | AV4: 31 | AW4: 15 | AX4: 29 | AY4: 36 | AZ4: 40 | BA4: 43 | BB4: 51 | BC4: 39 | BD4: 45 | BE4: 45 | BF4: 37 | BG4: 33 | BH4: 38 | BI4: 40 | BJ4: 37 | BK4: 30 | BL4: 30 | BM4: 30 | BN4: 28 | BO4: 24 | BP4: 23 | BQ4: 23 | BR4: 21 | BS4: 15 | BT4: 16 | BU4: 18 | BV4: 17 | BW4: 15 | BX4: 11 | BY4: 9 | BZ4: 33 | CA4: 122 | CB4: 158 | CC4: 135 | CD4: 115 | CE4: 105 | CF4: 125 | CG4: 149 | CH4: 69 | CI4: 1 | CJ4: 2 | CK4: 8 | CL4: 19 | CM4: 16 | CN4: 21 | CO4: 31 | CP4: 38 | CQ4: 38 | CR4: 37 | CS4: 24 | CT4: 3 | CU4: 25 | CV4: 103 | CW4: 153 | CX4: 157 | CY4: 157 | CZ4: 145 | DA4: 132 | DB4: 122 | DC4: 132 | DD4: 99 | DE4: 111
B5: 113 | C5: 25 | D5: 8 | E5: 5 | F5: 16 | G5: 15 | H5: 0 | I5: 9 | J5: 52 | K5: 58 | L5: 21 | M5: 4 | N5: 17 | O5: 17 | P5: 18 | Q5: 18 | R5: 18 | S5: 19 | T5: 19 | U5: 16 | V5: 15 | W5: 16 | X5: 18 | Y5: 15 | Z5: 15 | AA5: 22 | AB5: 17 | AC5: 12 | AD5: 36 | AE5: 43 | AF5: 64 | AG5: 72 | AH5: 57 | AI5: 0 | AJ5: 4 | AK5: 66 | AL5: 108 | AM5: 193 | AN5: 226 | AO5: 247 | AP5: 220 | AQ5: 103 | AR5: 40 | AS5: 44 | AT5: 35 | AU5: 25 | AV5: 24 | AW5: 30 | AX5: 44 | AY5: 46 | AZ5: 35 | BA5: 38 | BB5: 46 | BC5: 52 | BD5: 45 | BE5: 43 | BF5: 42 | BG5: 42 | BH5: 44 | BI5: 40 | BJ5: 37 | BK5: 35 | BL5: 33 | BM5: 32 | BN5: 35 | BO5: 31 | BP5: 28 | BQ5: 28 | BR5: 30 | BS5: 21 | BT5: 19 | BU5: 21 | BV5: 18 | BW5: 16 | BX5: 11 | BY5: 6 | BZ5: 19 | CA5: 80 | CB5: 143 | CC5: 156 | CD5: 160 | CE5: 156 | CF5: 133 | CG5: 73 | CH5: 33 | CI5: 11 | CJ5: 10 | CK5: 12 | CL5: 18 | CM5: 12 | CN5: 15 | CO5: 15 | CP5: 25 | CQ5: 42 | CR5: 40 | CS5: 40 | CT5: 16 | CU5: 1 | CV5: 51 | CW5: 122 | CX5: 158 | CY5: 153 | CZ5: 149 | DA5: 140 | DB5: 110 | DC5: 113 | DD5: 97 | DE5: 148
B6: 114 | C6: 25 | D6: 13 | E6: 12 | F6: 18 | G6: 20 | H6: 12 | I6: 2 | J6: 1 | K6: 3 | L6: 9 | M6: 16 | N6: 18 | O6: 18 | P6: 19 | Q6: 18 | R6: 16 | S6: 16 | T6: 18 | U6: 15 | V6: 11 | W6: 17 | X6: 18 | Y6: 16 | Z6: 14 | AA6: 17 | AB6: 3 | AC6: 28 | AD6: 118 | AE6: 120 | AF6: 146 | AG6: 176 | AH6: 153 | AI6: 15 | AJ6: 4 | AK6: 54 | AL6: 74 | AM6: 153 | AN6: 209 | AO6: 221 | AP6: 181 | AQ6: 54 | AR6: 8 | AS6: 12 | AT6: 23 | AU6: 38 | AV6: 37 | AW6: 41 | AX6: 47 | AY6: 44 | AZ6: 35 | BA6: 43 | BB6: 47 | BC6: 56 | BD6: 47 | BE6: 42 | BF6: 36 | BG6: 36 | BH6: 40 | BI6: 40 | BJ6: 40 | BK6: 37 | BL6: 36 | BM6: 36 | BN6: 36 | BO6: 35 | BP6: 30 | BQ6: 29 | BR6: 32 | BS6: 26 | BT6: 24 | BU6: 22 | BV6: 18 | BW6: 16 | BX6: 14 | BY6: 8 | BZ6: 9 | CA6: 37 | CB6: 78 | CC6: 101 | CD6: 128 | CE6: 136 | CF6: 104 | CG6: 29 | CH6: 23 | CI6: 17 | CJ6: 6 | CK6: 8 | CL6: 15 | CM6: 15 | CN6: 12 | CO6: 6 | CP6: 26 | CQ6: 32 | CR6: 38 | CS6: 45 | CT6: 36 | CU6: 11 | CV6: 13 | CW6: 60 | CX6: 134 | CY6: 158 | CZ6: 148 | DA6: 138 | DB6: 110 | DC6: 97 | DD6: 100 | DE6: 194
B7: 115 | C7: 24 | D7: 19 | E7: 19 | F7: 18 | G7: 22 | H7: 27 | I7: 29 | J7: 24 | K7: 23 | L7: 25 | M7: 23 | N7: 17 | O7: 17 | P7: 17 | Q7: 16 | R7: 14 | S7: 13 | T7: 15 | U7: 12 | V7: 10 | W7: 11 | X7: 15 | Y7: 19 | Z7: 15 | AA7: 12 | AB7: 0 | AC7: 25 | AD7: 145 | AE7: 186 | AF7: 198 | AG7: 197 | AH7: 167 | AI7: 28 | AJ7: 3 | AK7: 19 | AL7: 11 | AM7: 24 | AN7: 33 | AO7: 37 | AP7: 36 | AQ7: 12 | AR7: 29 | AS7: 45 | AT7: 49 | AU7: 58 | AV7: 46 | AW7: 51 | AX7: 51 | AY7: 43 | AZ7: 46 | BA7: 52 | BB7: 53 | BC7: 58 | BD7: 52 | BE7: 44 | BF7: 37 | BG7: 36 | BH7: 38 | BI7: 40 | BJ7: 43 | BK7: 40 | BL7: 42 | BM7: 44 | BN7: 42 | BO7: 39 | BP7: 36 | BQ7: 32 | BR7: 31 | BS7: 29 | BT7: 26 | BU7: 22 | BV7: 19 | BW7: 18 | BX7: 17 | BY7: 13 | BZ7: 6 | CA7: 82 | CB7: 125 | CC7: 108 | CD7: 61 | CE7: 38 | CF7: 26 | CG7: 23 | CH7: 26 | CI7: 39 | CJ7: 29 | CK7: 21 | CL7: 23 | CM7: 22 | CN7: 16 | CO7: 8 | CP7: 18 | CQ7: 15 | CR7: 32 | CS7: 43 | CT7: 49 | CU7: 41 | CV7: 9 | CW7: 11 | CX7: 75 | CY7: 141 | CZ7: 158 | DA7: 139 | DB7: 122 | DC7: 87 | DD7: 113 | DE7: 199
B8: 116 | C8: 26 | D8: 20 | E8: 18 | F8: 15 | G8: 9 | H8: 17 | I8: 32 | J8: 36 | K8: 32 | L8: 29 | M8: 24 | N8: 24 | O8: 18 | P8: 18 | Q8: 19 | R8: 17 | S8: 16 | T8: 16 | U8: 15 | V8: 16 | W8: 17 | X8: 15 | Y8: 19 | Z8: 13 | AA8: 9 | AB8: 1 | AC8: 2 | AD8: 78 | AE8: 156 | AF8: 160 | AG8: 143 | AH8: 110 | AI8: 25 | AJ8: 10 | AK8: 10 | AL8: 3 | AM8: 2 | AN8: 9 | AO8: 18 | AP8: 29 | AQ8: 39 | AR8: 45 | AS8: 54 | AT8: 57 | AU8: 66 | AV8: 59 | AW8: 58 | AX8: 52 | AY8: 56 | AZ8: 65 | BA8: 63 | BB8: 56 | BC8: 56 | BD8: 53 | BE8: 52 | BF8: 47 | BG8: 45 | BH8: 42 | BI8: 38 | BJ8: 39 | BK8: 46 | BL8: 51 | BM8: 54 | BN8: 50 | BO8: 46 | BP8: 43 | BQ8: 39 | BR8: 36 | BS8: 30 | BT8: 29 | BU8: 23 | BV8: 21 | BW8: 22 | BX8: 21 | BY8: 18 | BZ8: 9 | CA8: 68 | CB8: 172 | CC8: 161 | CD8: 86 | CE8: 27 | CF8: 3 | CG8: 46 | CH8: 69 | CI8: 102 | CJ8: 61 | CK8: 18 | CL8: 14 | CM8: 17 | CN8: 12 | CO8: 10 | CP8: 13 | CQ8: 6 | CR8: 20 | CS8: 37 | CT8: 50 | CU8: 54 | CV8: 24 | CW8: 2 | CX8: 20 | CY8: 81 | CZ8: 142 | DA8: 150 | DB8: 134 | DC8: 92 | DD8: 143 | DE8: 184
B9: 117 | C9: 26 | D9: 30 | E9: 25 | F9: 17 | G9: 5 | H9: 15 | I9: 31 | J9: 34 | K9: 34 | L9: 36 | M9: 34 | N9: 34 | O9: 23 | P9: 23 | Q9: 24 | R9: 23 | S9: 22 | T9: 19 | U9: 19 | V9: 22 | W9: 28 | X9: 21 | Y9: 23 | Z9: 18 | AA9: 16 | AB9: 11 | AC9: 0 | AD9: 8 | AE9: 21 | AF9: 10 | AG9: 15 | AH9: 10 | AI9: 14 | AJ9: 37 | AK9: 45 | AL9: 35 | AM9: 51 | AN9: 49 | AO9: 52 | AP9: 55 | AQ9: 46 | AR9: 52 | AS9: 67 | AT9: 64 | AU9: 60 | AV9: 69 | AW9: 69 | AX9: 65 | AY9: 66 | AZ9: 72 | BA9: 75 | BB9: 68 | BC9: 73 | BD9: 70 | BE9: 67 | BF9: 66 | BG9: 61 | BH9: 56 | BI9: 55 | BJ9: 56 | BK9: 56 | BL9: 58 | BM9: 57 | BN9: 51 | BO9: 49 | BP9: 49 | BQ9: 45 | BR9: 39 | BS9: 35 | BT9: 30 | BU9: 24 | BV9: 23 | BW9: 23 | BX9: 21 | BY9: 20 | BZ9: 13 | CA9: 10 | CB9: 114 | CC9: 131 | CD9: 118 | CE9: 87 | CF9: 46 | CG9: 60 | CH9: 86 | CI9: 76 | CJ9: 39 | CK9: 2 | CL9: 5 | CM9: 12 | CN9: 10 | CO9: 11 | CP9: 17 | CQ9: 11 | CR9: 12 | CS9: 26 | CT9: 40 | CU9: 50 | CV9: 44 | CW9: 22 | CX9: 9 | CY9: 26 | CZ9: 61 | DA9: 123 | DB9: 127 | DC9: 99 | DD9: 157 | DE9: 175
B10: 118 | C10: 26 | D10: 38 | E10: 36 | F10: 26 | G10: 20 | H10: 33 | I10: 47 | J10: 43 | K10: 39 | L10: 37 | M10: 33 | N10: 30 | O10: 26 | P10: 26 | Q10: 30 | R10: 31 | S10: 30 | T10: 26 | U10: 24 | V10: 24 | W10: 30 | X10: 25 | Y10: 23 | Z10: 21 | AA10: 21 | AB10: 25 | AC10: 22 | AD10: 11 | AE10: 14 | AF10: 17 | AG10: 26 | AH10: 30 | AI10: 32 | AJ10: 44 | AK10: 57 | AL10: 58 | AM10: 53 | AN10: 51 | AO10: 47 | AP10: 47 | AQ10: 53 | AR10: 80 | AS10: 78 | AT10: 67 | AU10: 60 | AV10: 78 | AW10: 84 | AX10: 81 | AY10: 75 | AZ10: 84 | BA10: 87 | BB10: 66 | BC10: 77 | BD10: 70 | BE10: 58 | BF10: 48 | BG10: 43 | BH10: 42 | BI10: 45 | BJ10: 50 | BK10: 57 | BL10: 59 | BM10: 60 | BN10: 58 | BO10: 56 | BP10: 51 | BQ10: 47 | BR10: 45 | BS10: 40 | BT10: 37 | BU10: 29 | BV10: 26 | BW10: 24 | BX10: 22 | BY10: 23 | BZ10: 18 | CA10: 2 | CB10: 54 | CC10: 114 | CD10: 146 | CE10: 138 | CF10: 85 | CG10: 24 | CH10: 8 | CI10: 3 | CJ10: 17 | CK10: 14 | CL10: 11 | CM10: 12 | CN10: 16 | CO10: 12 | CP10: 13 | CQ10: 17 | CR10: 13 | CS10: 15 | CT10: 24 | CU10: 40 | CV10: 50 | CW10: 41 | CX10: 37 | CY10: 21 | CZ10: 10 | DA10: 101 | DB10: 97 | DC10: 106 | DD10: 172 | DE10: 165
B11: 119 | C11: 32 | D11: 38 | E11: 36 | F11: 36 | G11: 36 | H11: 45 | I11: 50 | J11: 40 | K11: 30 | L11: 26 | M11: 22 | N11: 23 | O11: 28 | P11: 26 | Q11: 30 | R11: 33 | S11: 31 | T11: 26 | U11: 25 | V11: 24 | W11: 26 | X11: 22 | Y11: 23 | Z11: 25 | AA11: 22 | AB11: 29 | AC11: 39 | AD11: 35 | AE11: 37 | AF11: 49 | AG11: 42 | AH11: 36 | AI11: 42 | AJ11: 45 | AK11: 48 | AL11: 52 | AM11: 46 | AN11: 53 | AO11: 49 | AP11: 54 | AQ11: 61 | AR11: 80 | AS11: 85 | AT11: 70 | AU11: 80 | AV11: 89 | AW11: 93 | AX11: 85 | AY11: 82 | AZ11: 87 | BA11: 79 | BB11: 77 | BC11: 80 | BD11: 66 | BE11: 36 | BF11: 15 | BG11: 10 | BH11: 6 | BI11: 5 | BJ11: 12 | BK11: 28 | BL11: 35 | BM11: 47 | BN11: 57 | BO11: 56 | BP11: 50 | BQ11: 48 | BR11: 52 | BS11: 39 | BT11: 36 | BU11: 32 | BV11: 31 | BW11: 26 | BX11: 25 | BY11: 25 | BZ11: 20 | CA11: 25 | CB11: 23 | CC11: 79 | CD11: 85 | CE11: 62 | CF11: 37 | CG11: 18 | CH11: 37 | CI11: 31 | CJ11: 34 | CK11: 24 | CL11: 14 | CM11: 16 | CN11: 25 | CO11: 15 | CP11: 18 | CQ11: 16 | CR11: 19 | CS11: 13 | CT11: 10 | CU11: 26 | CV11: 45 | CW11: 52 | CX11: 58 | CY11: 49 | CZ11: 27 | DA11: 99 | DB11: 85 | DC11: 131 | DD11: 194 | DE11: 151
B12: 120 | C12: 30 | D12: 32 | E12: 44 | F12: 34 | G12: 36 | H12: 44 | I12: 45 | J12: 38 | K12: 33 | L12: 29 | M12: 29 | N12: 31 | O12: 32 | P12: 29 | Q12: 29 | R12: 29 | S12: 26 | T12: 23 | U12: 27 | V12: 29 | W12: 24 | X12: 21 | Y12: 21 | Z12: 19 | AA12: 24 | AB12: 28 | AC12: 30 | AD12: 32 | AE12: 33 | AF12: 41 | AG12: 37 | AH12: 35 | AI12: 38 | AJ12: 50 | AK12: 48 | AL12: 38 | AM12: 35 | AN12: 36 | AO12: 40 | AP12: 50 | AQ12: 61 | AR12: 66 | AS12: 67 | AT12: 71 | AU12: 86 | AV12: 88 | AW12: 77 | AX12: 77 | AY12: 73 | AZ12: 71 | BA12: 66 | BB12: 81 | BC12: 59 | BD12: 45 | BE12: 31 | BF12: 16 | BG12: 15 | BH12: 19 | BI12: 11 | BJ12: 9 | BK12: 21 | BL12: 20 | BM12: 28 | BN12: 39 | BO12: 39 | BP12: 36 | BQ12: 38 | BR12: 39 | BS12: 39 | BT12: 38 | BU12: 32 | BV12: 32 | BW12: 30 | BX12: 26 | BY12: 31 | BZ12: 24 | CA12: 24 | CB12: 23 | CC12: 16 | CD12: 12 | CE12: 6 | CF12: 17 | CG12: 41 | CH12: 47 | CI12: 45 | CJ12: 38 | CK12: 28 | CL12: 23 | CM12: 19 | CN12: 18 | CO12: 18 | CP12: 18 | CQ12: 16 | CR12: 12 | CS12: 14 | CT12: 16 | CU12: 14 | CV12: 22 | CW12: 37 | CX12: 52 | CY12: 56 | CZ12: 47 | DA12: 79 | DB12: 96 | DC12: 172 | DD12: 180 | DE12: 158
B13: 121 | C13: 7 | D13: 24 | E13: 46 | F13: 37 | G13: 42 | H13: 44 | I13: 42 | J13: 37 | K13: 32 | L13: 30 | M13: 32 | N13: 32 | O13: 31 | P13: 29 | Q13: 29 | R13: 28 | S13: 25 | T13: 26 | U13: 27 | V13: 24 | W13: 16 | X13: 15 | Y13: 16 | Z13: 18 | AA13: 22 | AB13: 28 | AC13: 31 | AD13: 32 | AE13: 36 | AF13: 43 | AG13: 54 | AH13: 53 | AI13: 46 | AJ13: 49 | AK13: 42 | AL13: 38 | AM13: 51 | AN13: 59 | AO13: 63 | AP13: 63 | AQ13: 67 | AR13: 61 | AS13: 65 | AT13: 67 | AU13: 65 | AV13: 64 | AW13: 64 | AX13: 65 | AY13: 51 | AZ13: 49 | BA13: 50 | BB13: 46 | BC13: 46 | BD13: 38 | BE13: 24 | BF13: 19 | BG13: 23 | BH13: 24 | BI13: 25 | BJ13: 18 | BK13: 17 | BL13: 15 | BM13: 31 | BN13: 52 | BO13: 71 | BP13: 128 | BQ13: 157 | BR13: 128 | BS13: 90 | BT13: 26 | BU13: 26 | BV13: 19 | BW13: 9 | BX13: 18 | BY13: 26 | BZ13: 19 | CA13: 18 | CB13: 14 | CC13: 15 | CD13: 12 | CE13: 11 | CF13: 25 | CG13: 43 | CH13: 46 | CI13: 44 | CJ13: 41 | CK13: 38 | CL13: 32 | CM13: 21 | CN13: 12 | CO13: 12 | CP13: 17 | CQ13: 17 | CR13: 15 | CS13: 15 | CT13: 16 | CU13: 14 | CV13: 10 | CW13: 21 | CX13: 51 | CY13: 56 | CZ13: 42 | DA13: 67 | DB13: 126 | DC13: 192 | DD13: 162 | DE13: 141
B14: 122 | C14: 22 | D14: 26 | E14: 47 | F14: 43 | G14: 39 | H14: 38 | I14: 38 | J14: 37 | K14: 33 | L14: 31 | M14: 33 | N14: 33 | O14: 28 | P14: 28 | Q14: 28 | R14: 26 | S14: 24 | T14: 25 | U14: 28 | V14: 26 | W14: 29 | X14: 30 | Y14: 29 | Z14: 27 | AA14: 28 | AB14: 33 | AC14: 38 | AD14: 32 | AE14: 22 | AF14: 29 | AG14: 39 | AH14: 40 | AI14: 42 | AJ14: 49 | AK14: 52 | AL14: 50 | AM14: 51 | AN14: 63 | AO14: 58 | AP14: 45 | AQ14: 46 | AR14: 43 | AS14: 37 | AT14: 59 | AU14: 71 | AV14: 106 | AW14: 142 | AX14: 145 | AY14: 127 | AZ14: 95 | BA14: 54 | BB14: 41 | BC14: 46 | BD14: 46 | BE14: 37 | BF14: 31 | BG14: 29 | BH14: 24 | BI14: 23 | BJ14: 17 | BK14: 24 | BL14: 28 | BM14: 45 | BN14: 79 | BO14: 113 | BP14: 189 | BQ14: 222 | BR14: 208 | BS14: 187 | BT14: 137 | BU14: 122 | BV14: 82 | BW14: 33 | BX14: 24 | BY14: 16 | BZ14: 18 | CA14: 18 | CB14: 10 | CC14: 17 | CD14: 15 | CE14: 18 | CF14: 33 | CG14: 44 | CH14: 45 | CI14: 36 | CJ14: 40 | CK14: 44 | CL14: 41 | CM14: 25 | CN14: 10 | CO14: 8 | CP14: 15 | CQ14: 16 | CR14: 16 | CS14: 14 | CT14: 15 | CU14: 18 | CV14: 8 | CW14: 12 | CX14: 47 | CY14: 40 | CZ14: 40 | DA14: 85 | DB14: 208 | DC14: 223 | DD14: 179 | DE14: 144
B15: 123 | C15: 57 | D15: 18 | E15: 33 | F15: 39 | G15: 35 | H15: 35 | I15: 37 | J15: 39 | K15: 36 | L15: 30 | M15: 32 | N15: 31 | O15: 25 | P15: 25 | Q15: 28 | R15: 25 | S15: 22 | T15: 22 | U15: 23 | V15: 26 | W15: 36 | X15: 38 | Y15: 36 | Z15: 32 | AA15: 29 | AB15: 30 | AC15: 27 | AD15: 24 | AE15: 17 | AF15: 23 | AG15: 36 | AH15: 43 | AI15: 35 | AJ15: 42 | AK15: 47 | AL15: 38 | AM15: 38 | AN15: 40 | AO15: 50 | AP15: 56 | AQ15: 66 | AR15: 90 | AS15: 109 | AT15: 152 | AU15: 160 | AV15: 189 | AW15: 218 | AX15: 228 | AY15: 225 | AZ15: 203 | BA15: 135 | BB15: 54 | BC15: 43 | BD15: 43 | BE15: 41 | BF15: 32 | BG15: 29 | BH15: 26 | BI15: 17 | BJ15: 21 | BK15: 25 | BL15: 32 | BM15: 46 | BN15: 78 | BO15: 117 | BP15: 198 | BQ15: 219 | BR15: 194 | BS15: 161 | BT15: 214 | BU15: 220 | BV15: 201 | BW15: 111 | BX15: 50 | BY15: 16 | BZ15: 12 | CA15: 14 | CB15: 10 | CC15: 17 | CD15: 16 | CE15: 20 | CF15: 36 | CG15: 44 | CH15: 37 | CI15: 24 | CJ15: 38 | CK15: 45 | CL15: 41 | CM15: 29 | CN15: 17 | CO15: 12 | CP15: 12 | CQ15: 16 | CR15: 16 | CS15: 12 | CT15: 12 | CU15: 18 | CV15: 9 | CW15: 15 | CX15: 49 | CY15: 35 | CZ15: 51 | DA15: 139 | DB15: 251 | DC15: 252 | DD15: 221 | DE15: 207
... B108: 216 | C108: 127 | D108: 128 | E108: 129 | F108: 131 | G108: 123 | H108: 121 | I108: 121 | J108: 120 | K108: 120 | L108: 120 | M108: 118 | N108: 116 | O108: 111 | P108: 110 | Q108: 110 | R108: 109 | S108: 110 | T108: 108 | U108: 106 | V108: 103 | W108: 107 | X108: 108 | Y108: 103 | Z108: 94 | AA108: 88 | AB108: 92 | AC108: 103 | AD108: 101 | AE108: 75 | AF108: 42 | AG108: 18 | AH108: 10 | AI108: 10 | AJ108: 28 | AK108: 60 | AL108: 89 | AM108: 98 | AN108: 110 | AO108: 118 | AP108: 122 | AQ108: 102 | AR108: 63 | AS108: 33 | AT108: 30 | AU108: 46 | AV108: 33 | AW108: 14 | AX108: 0 | AY108: 0 | AZ108: 3 | BA108: 12 | BB108: 25 | BC108: 36 | BD108: 25 | BE108: 36 | BF108: 67 | BG108: 78 | BH108: 6 | BI108: 18 | BJ108: 10 | BK108: 19 | BL108: 14 | BM108: 11 | BN108: 11 | BO108: 10 | BP108: 9 | BQ108: 10 | BR108: 12 | BS108: 18 | BT108: 25 | BU108: 28 | BV108: 22 | BW108: 18 | BX108: 19 | BY108: 8 | BZ108: 5 | CA108: 3 | CB108: 15 | CC108: 43 | CD108: 58 | CE108: 51 | CF108: 31 | CG108: 8 | CH108: 8 | CI108: 3 | CJ108: 9 | CK108: 4 | CL108: 10 | CM108: 10 | CN108: 39 | CO108: 115 | CP108: 89 | CQ108: 111 | CR108: 111 | CS108: 124 | CT108: 124 | CU108: 128 | CV108: 152 | CW108: 157 | CX108: 137 | CY108: 146 | CZ108: 163 | DA108: 146 | DB108: 156 | DC108: 130 | DD108: 131 | DE108: 143

Sheet Firma_6034
A1: Firma polar del robot 3 — cuadro 6034
A2: Muestreo polar alrededor del centro (vecino más cercano, como cv2.warpPolar): fila = ángulo (128), columna = radio. Por banda: se resta la media de cada radio, se promedian los radios, se estandariza y se toman los armónicos k = 1…12 de la DFT / 128.
B4: x centro | C4: 350.81819 | E4: Centro del robot 3 que encontró la app en este cuadro.
B5: y centro | C5: 163.65844
D6: Banda 1 (0,15–0,70 r_ext): radio → | AD6: Banda 2 (0,75–0,95 r_ext): radio →
B7: i | C7: ángulo ° | D7: 7 | E7: 8 | F7: 9 | G7: 10 | H7: 11 | I7: 12 | J7: 13 | K7: 14 | L7: 15 | M7: 16 | N7: 17 | O7: 18 | P7: 19 | Q7: 20 | R7: 21 | S7: 22 | T7: 23 | U7: 24 | V7: 25 | W7: 26 | X7: 27 | Y7: 28 | Z7: 29 | AA7: 30 | AB7: 31 | AD7: 35 | AE7: 36 | AF7: 37 | AG7: 38 | AH7: 39 | AI7: 40 | AJ7: 41 | AK7: 42 | AL7: 43 | AN7: perfil b1 | AO7: z b1 | AP7: perfil b2 | AQ7: z b2 | AS7: k | AT7: Re b1 | AU7: Im b1 | AV7: Re b2 | AW7: Im b2 | AX7: app Re b1 | AY7: app Im b1 | AZ7: app Re b2 | BA7: app Im b2 | BB7: |dif| máx
